,Name,City,Country,Arena,Capactity,Logo URL,Division,City,State,,,,,,,,,,,,,,,,,,,,,,
,,,,,,,,,,,,,,,,,,,,,,,,,,,,,,,
Team,Hawks,Atlanta,USA,State Farm Arena,18118,https://gmgames.org/dm16logos/Team0.png,Southeast,Atlanta,Georgia,,,,,,,,,,,,,,,,,,,,,,
,,,,,,,,,,,,,,,,,,,,,,,,,,,,,,,
Team,Celtics,Boston,USA,TD Garden,18624,https://gmgames.org/dm16logos/Team1.png,Atlantc,Boston,Massachusetts,,,,,,,,,,,,,,,,,,,,,,
,,,,,,,,,,,,,,,,,,,,,,,,,,,,,,,
Team,Nets,Brooklyn,USA,Barclays Center,17732,https://gmgames.org/dm16logos/Team2.png,Atlantic,Brooklyn,New York,,,,,,,,,,,,,,,,,,,,,,
,,,,,,,,,,,,,,,,,,,,,,,,,,,,,,,
Team,Hornets,Charlotte,USA,Spectrum Center,19077,https://gmgames.org/dm16logos/Team3.png,Southeast,Charlotte,North Carolina,,,,,,,,,,,,,,,,,,,,,,
,,,,,,,,,,,,,,,,,,,,,,,,,,,,,,,
Team,Bulls,Chicago,USA,United Center,20917,https://gmgames.org/dm16logos/Team4.png,Central,Chicago,Illinois,,,,,,,,,,,,,,,,,,,,,,
,,,,,,,,,,,,,,,,,,,,,,,,,,,,,,,
Team,Cavaliers,Cleveland,USA,Rocket Mortgage FieldHouse,19432,https://gmgames.org/dm16logos/Team5.png,Central,Cleveland,Ohio,,,,,,,,,,,,,,,,,,,,,,
,,,,,,,,,,,,,,,,,,,,,,,,,,,,,,,
Team,Mavericks,Dallas,USA,American Airlines Center,19200,https://gmgames.org/dm16logos/Team6.png,Southwest,Dallas,Texas,,,,,,,,,,,,,,,,,,,,,,
,,,,,,,,,,,,,,,,,,,,,,,,,,,,,,,
Team,Nuggets,Denver,USA,Pepsi Center,19520,https://gmgames.org/dm16logos/Team7.png,Northwest,Denver,Colorado,,,,,,,,,,,,,,,,,,,,,,
,,,,,,,,,,,,,,,,,,,,,,,,,,,,,,,
Team,Pistons,Detroit,USA,Little Caesars Arena,20332,https://gmgames.org/dm16logos/Team8.png,Central,Detroit,Michigan,,,,,,,,,,,,,,,,,,,,,,
,,,,,,,,,,,,,,,,,,,,,,,,,,,,,,,
Team,Warriors,Golden State,USA,Chase Center,18064,https://gmgames.org/dm16logos/Team9.png,Pacific,Oakland,California,,,,,,,,,,,,,,,,,,,,,,
,,,,,,,,,,,,,,,,,,,,,,,,,,,,,,,
Team,Rockets,Houston,USA,Toyota Center,18055,https://gmgames.org/dm16logos/Team10.png,Southwest,Houston,Texas,,,,,,,,,,,,,,,,,,,,,,
,,,,,,,,,,,,,,,,,,,,,,,,,,,,,,,
Team,Pacers,Indiana,USA,Bankers Life Fieldhouse,17923,https://gmgames.org/dm16logos/Team11.png,Central,Indianapolis,Indiana,,,,,,,,,,,,,,,,,,,,,,
,,,,,,,,,,,,,,,,,,,,,,,,,,,,,,,
Team,Clippers,Los Angeles,USA,Intuit Dome,19068,https://gmgames.org/dm16logos/Team12.png,Pacific,Los Angeles,California,,,,,,,,,,,,,,,,,,,,,,
,,,,,,,,,,,,,,,,,,,,,,,,,,,,,,,
Team,Lakers,Los Angeles,USA,Cyprto.com Arena,18997,https://gmgames.org/dm16logos/Team13.png,Pacific,Los Angeles,California,,,,,,,,,,,,,,,,,,,,,,
,,,,,,,,,,,,,,,,,,,,,,,,,,,,,,,
Team,Grizzlies,Memphis,USA,FedExForum,17794,https://gmgames.org/dm16logos/Team14.png,Southwest,Memphis,Tennessee,,,,,,,,,,,,,,,,,,,,,,
,,,,,,,,,,,,,,,,,,,,,,,,,,,,,,,
Team,Heat,Miami,USA,American Airlines Arena,19600,https://gmgames.org/dm16logos/Team15.png,Southeast,Miami,Florida,,,,,,,,,,,,,,,,,,,,,,
,,,,,,,,,,,,,,,,,,,,,,,,,,,,,,,
Team,Bucks,Milwaukee,USA,Fiserv Forum,17500,https://gmgames.org/dm16logos/Team16.png,Central,Milwaukee,Wisconsin,,,,,,,,,,,,,,,,,,,,,,
,,,,,,,,,,,,,,,,,,,,,,,,,,,,,,,
Team,Timberwolves,Minnesota,USA,Target Center,18978,https://gmgames.org/dm16logos/Team17.png,Northwest,Minneapolis,Minnesota,,,,,,,,,,,,,,,,,,,,,,
,,,,,,,,,,,,,,,,,,,,,,,,,,,,,,,
Team,Pelicans,New Orleans,USA,Smoothie King Center,16867,https://gmgames.org/dm16logos/Team18.png,Southwest,New Orleans,Louisiana,,,,,,,,,,,,,,,,,,,,,,
,,,,,,,,,,,,,,,,,,,,,,,,,,,,,,,
Team,Knicks,New York,USA,Madison Square Garden,19812,https://gmgames.org/dm16logos/Team19.png,Atlantic,New York,New York,,,,,,,,,,,,,,,,,,,,,,
,,,,,,,,,,,,,,,,,,,,,,,,,,,,,,,
Team,Thunder,Oklahoma City,USA,Chesapeake Energy Arena,18203,https://gmgames.org/dm16logos/Team20.png,Northwest,Oklahoma City,Oklahoma,,,,,,,,,,,,,,,,,,,,,,
,,,,,,,,,,,,,,,,,,,,,,,,,,,,,,,
Team,Magic,Orlando,USA,Amway Center,18846,https://gmgames.org/dm16logos/Team21.png,Southeast,Orlando,Florida,,,,,,,,,,,,,,,,,,,,,,
,,,,,,,,,,,,,,,,,,,,,,,,,,,,,,,
Team,76ers,Philadelphia,USA,Wells Fargo Center,20478,https://gmgames.org/dm16logos/Team22.png,Atlantic,Philadelphia,Pennsylvania,,,,,,,,,,,,,,,,,,,,,,
,,,,,,,,,,,,,,,,,,,,,,,,,,,,,,,
Team,Suns,Phoenix,USA,Talking Stick Resort Arena,18055,https://gmgames.org/dm16logos/Team23.png,Pacific,Phoenix,Arizona,,,,,,,,,,,,,,,,,,,,,,
,,,,,,,,,,,,,,,,,,,,,,,,,,,,,,,
Team,Trail Blazers,Portland,USA,Moda Center,19441,https://gmgames.org/dm16logos/Team24.png,Northwest,Portland,Oregon,,,,,,,,,,,,,,,,,,,,,,
,,,,,,,,,,,,,,,,,,,,,,,,,,,,,,,
Team,Kings,Sacramento,USA,Golden 1 Center,17583,https://gmgames.org/dm16logos/Team25.png,Pacific,Sacramento,California,,,,,,,,,,,,,,,,,,,,,,
,,,,,,,,,,,,,,,,,,,,,,,,,,,,,,,
Team,Spurs,San Antonio,USA,AT&T Center,18418,https://gmgames.org/dm16logos/Team26.png,Southwest,San Antonio,Texas,,,,,,,,,,,,,,,,,,,,,,
,,,,,,,,,,,,,,,,,,,,,,,,,,,,,,,
Team,Raptors,Toronto,Canada,Scotiabank Arena,19800,https://gmgames.org/dm16logos/Team27.png,Atlantic,Toronto,Canada,,,,,,,,,,,,,,,,,,,,,,
,,,,,,,,,,,,,,,,,,,,,,,,,,,,,,,
Team,Jazz,Utah,USA,Vivint Smart Home Arena,18306,https://gmgames.org/dm16logos/Team28.png,Northwest,Salt Lake City,Utah,,,,,,,,,,,,,,,,,,,,,,
,,,,,,,,,,,,,,,,,,,,,,,,,,,,,,,
Team,Wizards,Washington,USA,Capital One Arena,20356,https://gmgames.org/dm16logos/Team29.png,Southeast,Washincton,D.C,,,,,,,,,,,,,,,,,,,,,,
,,,,,,,,,,,,,,,,,,,,,,,,,,,,,,,
NewFranchiseLogo,,,,,,https://gmgames.org/dm16logos/Team30.png,,,,,,,,,,,,,,,,,,,,,,,,,
,,,,,,,,,,,,,,,,,,,,,,,,,,,,,,,
,,,,,,,,,,,,,,,,,,,,,,,,,,,,,,,
,,,,,,,,,,,,,,,,,,,,,,,,,,,,,,,
Type,FirstName,Last Name,Position,Age,Height,Weight,Team ID,Defence,TurnOvers,FTA,FTPerc,2PTA,2PTPerc,3PTA,ThreePerc,OffReb,Fame,DefReb,FastBreak,Assists,Personality,Potential,Steals,Blocks,Stamina,Trait,,,,,
,,,,,,,,,,,,,,,,,,,,,,,,,,,,,,,
players,Nickeil,Alexander-Walker,SG,27,196,202,0,65,1.6,5.5,0.87,4.2,0.52,1.3,0.44,1.2,68,2.8,69,3.7,51,70,0.4,2.1,75,,,,,,
,,,,,,,,,,,,,,,,,,,,,,,,,,,,,,,
players,Tony,Bradley,C,28,208,246,0,45,3.3,2.3,0.64,4.8,0.52,4.2,0.41,2.0,35,2.6,39,0.7,48,45,1.7,2.4,50,,,,,,
,,,,,,,,,,,,,,,,,,,,,,,,,,,,,,,
players,Dyson,Daniel,SG,23,200,198,0,75,3.1,6.1,0.86,5.8,0.66,7.3,0.35,2.6,68,2.7,76,1.0,61,74,1.2,1.6,72,,,,,,
,,,,,,,,,,,,,,,,,,,,,,,,,,,,,,,
players,Mouhamed,Gueye,PF,23,211,209,0,45,3.9,7.1,0.74,7.9,0.58,4.1,0.44,2.5,35,4.6,42,2.8,53,39,1.8,0.9,50,,,,,,
,,,,,,,,,,,,,,,,,,,,,,,,,,,,,,,
players,Buddy,Hield,SG,33,193,218,0,52,2.7,1.4,0.76,5.0,0.45,7.9,0.39,3.1,45,5.1,49,3.3,61,48,1.9,2.0,54,,,,,,
,,,,,,,,,,,,,,,,,,,,,,,,,,,,,,,
players,Jalen,Johnson,SF,24,202,218,0,82,1.5,2.8,0.62,8.7,0.64,8.3,0.41,2.5,78,3.6,72,3.3,82,90,0.8,1.5,87,,,,,,
,,,,,,,,,,,,,,,,,,,,,,,,,,,,,,,
players,Corey,Kispert,SF,27,198,222,0,45,1.3,4.1,0.91,5.6,0.48,5.3,0.42,2.5,45,1.6,44,8.8,80,50,1.5,0.1,50,,,,,,
,,,,,,,,,,,,,,,,,,,,,,,,,,,,,,,
players,Jonathan,Kuminga,PF,23,200,224,0,70,2.9,7.0,0.88,9.0,0.5,4.3,0.39,0.9,60,1.1,65,0.6,62,66,0.7,0.5,69,,,,,,
,,,,,,,,,,,,,,,,,,,,,,,,,,,,,,,
players,Jock,Landale,C,30,211,253,0,45,1.6,6.2,0.69,3.3,0.58,2.5,0.37,3.2,35,4.6,38,6.5,54,38,1.3,1.3,50,,,,,,
,,,,,,,,,,,,,,,,,,,,,,,,,,,,,,,
players,CJ,McCollum,PG,34,191,189,0,46,1.1,3.3,0.85,7.9,0.66,8.2,0.33,2.5,45,2.3,38,0.7,80,48,0.4,0.9,50,,,,,,
,,,,,,,,,,,,,,,,,,,,,,,,,,,,,,,
players,Asa,Newell,PF,20,208,218,0,45,3.8,7.9,0.8,7.8,0.48,7.2,0.29,3.0,35,4.5,35,4.4,77,46,0.7,0.1,50,R,,,,,
,,,,,,,,,,,,,,,,,,,,,,,,,,,,,,,
players,Onyeka,Okongwu,C,25,208,238,0,45,2.3,2.1,0.7,6.1,0.57,0.1,0.41,3.4,45,5.6,51,4.0,54,55,1.7,2.1,50,,,,,,
,,,,,,,,,,,,,,,,,,,,,,,,,,,,,,,
players,Zaccharie,Risacher,SF,21,202,198,0,45,3.5,1.3,0.85,10.7,0.46,1.0,0.36,1.2,45,3.2,53,8.1,80,51,2.2,0.2,50,R,,,,,
,,,,,,,,,,,,,,,,,,,,,,,,,,,,,,,
players,Gabe,Vincent,PG,29,188,198,0,45,3.5,2.2,0.64,5.4,0.62,4.0,0.42,0.6,35,4.9,35,4.5,60,37,1.9,0.9,50,,,,,,
,,,,,,,,,,,,,,,,,,,,,,,,,,,,,,,
players,Keaton,Wallace,PG,27,191,182,0,45,2.2,7.7,0.71,10.9,0.62,0.8,0.33,1.9,35,4.0,35,6.4,65,44,1.8,1.2,50,,,,,,
,,,,,,,,,,,,,,,,,,,,,,,,,,,,,,,
,,,,,,,,,,,,,,,,,,,,,,,,,,,,,,,
,,,,,,,,,,,,,,,,,,,,,,,,,,,,,,,
,,,,,,,,,,,,,,,,,,,,,,,,,,,,,,,
,,,,,,,,,,,,,,,,,,,,,,,,,,,,,,,
players,Jaylen,Brown,SG,29,198,222,1,76,2.6,1.4,0.66,11.3,0.48,0.5,0.31,0.9,78,6.6,70,7.9,83,84,1.9,0.8,74,,,,,,
,,,,,,,,,,,,,,,,,,,,,,,,,,,,,,,
players,Luka,Garza,C,27,208,242,1,45,0.9,1.7,0.62,5.0,0.62,1.2,0.33,3.1,35,1.8,35,8.0,68,37,0.4,0.2,50,,,,,,
,,,,,,,,,,,,,,,,,,,,,,,,,,,,,,,
players,Hugo,Gonzalez,SF,20,198,198,1,45,4.2,5.2,0.76,7.2,0.66,4.3,0.32,1.4,35,5.8,35,4.8,80,47,1.3,1.6,50,R,,,,,
,,,,,,,,,,,,,,,,,,,,,,,,,,,,,,,
players,Ron,Harper Jr.,SF,26,196,231,1,45,4.2,5.3,0.79,3.4,0.5,3.1,0.38,2.4,35,4.4,36,7.6,72,46,1.3,2.2,50,,,,,,
,,,,,,,,,,,,,,,,,,,,,,,,,,,,,,,
players,Sam,Hauser,PF,28,200,216,1,47,2.7,1.1,0.83,11.0,0.51,3.7,0.3,0.8,45,7.8,42,8.2,84,48,0.5,2.1,50,,,,,,
,,,,,,,,,,,,,,,,,,,,,,,,,,,,,,,
players,Payton,Pritchard,PG,28,185,194,1,51,3.0,2.1,0.77,8.2,0.52,1.4,0.44,2.1,52,4.2,49,4.3,52,64,0.9,0.0,58,,,,,,
,,,,,,,,,,,,,,,,,,,,,,,,,,,,,,,
players,Neemias,Queta,C,26,213,246,1,49,3.1,4.8,0.88,9.7,0.47,1.4,0.4,2.6,45,4.4,45,8.3,54,53,1.0,0.4,54,,,,,,
,,,,,,,,,,,,,,,,,,,,,,,,,,,,,,,
players,Baylor,Scheierman,SG,25,198,202,1,45,2.5,6.3,0.9,10.3,0.64,4.1,0.39,2.0,35,4.3,40,6.1,78,42,1.7,0.8,50,,,,,,
,,,,,,,,,,,,,,,,,,,,,,,,,,,,,,,
players,Jayson,Tatum,PF,28,202,209,1,81,2.2,4.2,0.78,3.3,0.66,1.0,0.38,2.4,78,5.0,82,4.2,50,82,1.2,0.9,84,,,,,,
,,,,,,,,,,,,,,,,,,,,,,,,,,,,,,,
players,John,Tonje,SG,25,193,216,1,45,4.0,4.1,0.67,6.6,0.67,4.7,0.37,3.4,35,1.2,35,7.9,54,44,0.5,1.0,50,,,,,,
,,,,,,,,,,,,,,,,,,,,,,,,,,,,,,,
players,Nikola,Vucevic,C,35,206,257,1,56,4.4,4.3,0.89,11.4,0.58,5.1,0.33,3.2,52,1.3,58,6.4,72,57,0.9,0.9,59,,,,,,
,,,,,,,,,,,,,,,,,,,,,,,,,,,,,,,
players,Jordan,Walsh,PF,22,198,202,1,45,2.4,2.0,0.79,6.2,0.49,7.4,0.44,1.4,35,7.0,42,3.3,64,37,1.2,2.2,50,,,,,,
,,,,,,,,,,,,,,,,,,,,,,,,,,,,,,,
players,Derrick,White,SG,31,193,189,1,58,3.9,4.0,0.88,5.9,0.58,6.2,0.44,3.4,68,4.6,71,6.5,67,71,1.4,0.2,68,,,,,,
,,,,,,,,,,,,,,,,,,,,,,,,,,,,,,,
players,Amari,Williams,PF,24,211,249,1,45,1.6,2.0,0.82,9.2,0.61,0.3,0.39,1.1,35,5.3,42,3.1,68,47,0.7,1.6,50,,,,,,
,,,,,,,,,,,,,,,,,,,,,,,,,,,,,,,
,,,,,,,,,,,,,,,,,,,,,,,,,,,,,,,
,,,,,,,,,,,,,,,,,,,,,,,,,,,,,,,
,,,,,,,,,,,,,,,,,,,,,,,,,,,,,,,
,,,,,,,,,,,,,,,,,,,,,,,,,,,,,,,
players,Ochai,Agbaji,SG,26,196,213,2,51,0.9,1.2,0.72,3.6,0.49,8.4,0.4,1.8,45,3.5,45,7.7,78,55,0.8,1.6,50,,,,,,
,,,,,,,,,,,,,,,,,,,,,,,,,,,,,,,
players,Nic,Claxton,C,27,211,213,2,65,3.0,7.4,0.79,11.9,0.66,7.1,0.41,3.3,60,6.0,52,3.0,82,64,2.1,0.4,64,,,,,,
,,,,,,,,,,,,,,,,,,,,,,,,,,,,,,,
players,Noah,Clowney,PF,21,208,209,2,45,4.0,5.9,0.89,3.5,0.64,6.7,0.34,2.0,35,7.3,40,8.7,56,39,1.1,2.5,50,R,,,,,
,,,,,,,,,,,,,,,,,,,,,,,,,,,,,,,
players,Egor,Demin,PG,20,202,198,2,45,4.1,2.7,0.85,11.5,0.59,6.4,0.42,2.2,45,4.6,44,6.2,60,48,1.5,1.3,50,R,,,,,
,,,,,,,,,,,,,,,,,,,,,,,,,,,,,,,
players,Terance,Mann,SG,29,198,213,2,55,2.1,7.0,0.86,8.4,0.56,3.8,0.42,2.8,45,8.4,45,3.0,70,56,0.7,2.5,50,,,,,,
,,,,,,,,,,,,,,,,,,,,,,,,,,,,,,,
players,Josh,Minott,SF,23,202,202,2,45,3.4,2.1,0.71,8.3,0.67,1.3,0.3,1.2,35,2.8,41,8.1,76,40,1.5,0.2,50,,,,,,
,,,,,,,,,,,,,,,,,,,,,,,,,,,,,,,
players,Michael,Porter Jr.,SF,27,208,216,2,62,4.4,2.3,0.63,10.4,0.65,4.2,0.44,1.7,68,5.4,73,5.8,47,78,0.8,0.0,74,,,,,,
,,,,,,,,,,,,,,,,,,,,,,,,,,,,,,,
players,Drake,Powell,SG,20,196,194,2,45,2.8,3.6,0.65,4.0,0.53,1.3,0.41,3.2,35,1.6,36,8.3,46,43,1.7,0.1,50,R,,,,,
,,,,,,,,,,,,,,,,,,,,,,,,,,,,,,,
players,Ben,Saraf,SG,20,198,198,2,45,0.8,5.5,0.92,6.8,0.49,8.4,0.43,0.6,35,1.0,43,0.7,75,39,1.3,0.5,50,R,,,,,
,,,,,,,,,,,,,,,,,,,,,,,,,,,,,,,
players,Day'Ron,Sharpe,C,24,208,264,2,45,1.9,1.4,0.85,7.2,0.64,3.8,0.34,3.3,35,3.4,35,5.4,58,39,0.5,0.2,50,,,,,,
,,,,,,,,,,,,,,,,,,,,,,,,,,,,,,,
players,Nolan,Traore,PG,19,191,182,2,45,4.5,3.0,0.8,8.6,0.62,6.7,0.28,0.5,35,4.3,35,8.0,72,43,1.1,0.9,50,R,,,,,
,,,,,,,,,,,,,,,,,,,,,,,,,,,,,,,
players,Ziaire,Williams,SF,24,206,182,2,45,1.3,2.5,0.78,5.1,0.6,4.1,0.42,1.9,45,6.5,42,2.9,48,47,1.6,2.3,54,,,,,,
,,,,,,,,,,,,,,,,,,,,,,,,,,,,,,,
players,Jalen,Wilson,PF,25,198,218,2,45,3.9,4.0,0.7,11.8,0.48,2.5,0.33,2.7,35,2.5,37,4.9,48,44,2.0,1.4,50,,,,,,
,,,,,,,,,,,,,,,,,,,,,,,,,,,,,,,
players,Danny,Wolf,PF,22,211,249,2,45,4.0,6.6,0.72,6.3,0.45,2.2,0.3,3.1,35,6.1,36,4.8,57,39,1.7,0.7,50,,,,,,
,,,,,,,,,,,,,,,,,,,,,,,,,,,,,,,
,,,,,,,,,,,,,,,,,,,,,,,,,,,,,,,
,,,,,,,,,,,,,,,,,,,,,,,,,,,,,,,
,,,,,,,,,,,,,,,,,,,,,,,,,,,,,,,
,,,,,,,,,,,,,,,,,,,,,,,,,,,,,,,
players,LaMelo,Ball,PG,24,200,178,3,85,4.4,1.1,0.91,10.9,0.6,3.9,0.37,0.9,78,5.7,79,1.0,63,85,1.2,0.6,85,,,,,,
,,,,,,,,,,,,,,,,,,,,,,,,,,,,,,,
players,Miles,Bridges,PF,28,200,224,3,64,2.4,6.5,0.77,11.4,0.55,6.7,0.39,2.2,60,7.6,67,1.4,81,67,0.7,1.9,58,,,,,,
,,,,,,,,,,,,,,,,,,,,,,,,,,,,,,,
players,Pat,Connaughton,SG,33,196,207,3,45,1.4,7.3,0.86,7.4,0.46,0.6,0.32,1.2,35,6.3,43,0.9,68,37,1.0,2.2,50,,,,,,
,,,,,,,,,,,,,,,,,,,,,,,,,,,,,,,
players,Moussa,Diabate,PF,24,208,209,3,45,1.4,1.2,0.86,4.3,0.49,5.5,0.32,0.9,45,1.5,52,1.9,46,50,0.3,0.7,50,,,,,,
,,,,,,,,,,,,,,,,,,,,,,,,,,,,,,,
players,Josh,Green,SG,25,198,198,3,52,1.7,2.8,0.73,11.4,0.65,0.5,0.31,1.9,45,2.2,44,0.6,59,53,1.0,1.9,50,,,,,,
,,,,,,,,,,,,,,,,,,,,,,,,,,,,,,,
players,Sion,James,SG,23,196,218,3,45,2.0,6.6,0.92,11.3,0.66,2.8,0.31,0.8,35,1.6,35,8.9,81,44,1.0,0.6,50,,,,,,
,,,,,,,,,,,,,,,,,,,,,,,,,,,,,,,
players,Ryan,Kalkbrenner,C,24,216,255,3,45,2.4,1.8,0.74,11.2,0.63,3.8,0.35,3.5,35,2.9,35,5.1,83,38,0.6,0.7,50,,,,,,
,,,,,,,,,,,,,,,,,,,,,,,,,,,,,,,
players,Kon,Knueppel,SG,20,198,213,3,45,4.2,8.4,0.64,9.2,0.58,7.6,0.37,2.7,52,6.9,45,2.6,57,57,0.6,2.0,50,R,,,,,
,,,,,,,,,,,,,,,,,,,,,,,,,,,,,,,
players,Tre,Mann,PG,25,193,176,3,45,0.9,6.9,0.65,4.7,0.53,4.7,0.39,2.2,45,2.5,51,6.9,59,52,1.6,2.2,50,,,,,,
,,,,,,,,,,,,,,,,,,,,,,,,,,,,,,,
players,Liam,McNeeley,SF,20,200,209,3,45,1.3,1.5,0.81,9.5,0.55,5.0,0.42,2.2,35,1.1,35,7.3,69,39,1.7,2.2,50,R,,,,,
,,,,,,,,,,,,,,,,,,,,,,,,,,,,,,,
players,Brandon,Miller,SF,23,200,198,3,60,3.2,2.8,0.71,9.1,0.58,3.3,0.43,2.8,68,2.9,72,2.5,73,72,1.4,1.0,72,,,,,,
,,,,,,,,,,,,,,,,,,,,,,,,,,,,,,,
players,Antonio,Reeves,SG,25,196,202,3,45,4.5,1.2,0.7,11.4,0.53,4.5,0.42,2.2,35,4.0,35,6.9,69,39,2.2,1.7,50,,,,,,
,,,,,,,,,,,,,,,,,,,,,,,,,,,,,,,
players,Tidjane,Salaun,C,20,208,205,3,46,3.1,7.6,0.66,5.6,0.5,0.6,0.41,2.2,45,6.3,45,5.5,70,49,1.8,1.5,54,R,,,,,
,,,,,,,,,,,,,,,,,,,,,,,,,,,,,,,
players,Xavier,Tillman,PF,27,202,244,3,45,2.4,6.6,0.63,11.6,0.46,2.2,0.38,0.5,35,3.5,39,8.0,48,44,2.0,1.3,50,,,,,,
,,,,,,,,,,,,,,,,,,,,,,,,,,,,,,,
players,Coby,White,SG,26,193,194,3,49,4.0,8.3,0.77,9.5,0.52,5.9,0.31,1.2,52,1.9,58,8.6,78,57,2.0,0.6,51,,,,,,
,,,,,,,,,,,,,,,,,,,,,,,,,,,,,,,
players,Grant,Williams,PF,27,200,235,3,48,0.9,1.0,0.73,8.8,0.49,3.1,0.38,0.4,45,1.9,42,5.5,74,50,0.6,0.2,50,,,,,,
,,,,,,,,,,,,,,,,,,,,,,,,,,,,,,,
,,,,,,,,,,,,,,,,,,,,,,,,,,,,,,,
,,,,,,,,,,,,,,,,,,,,,,,,,,,,,,,
,,,,,,,,,,,,,,,,,,,,,,,,,,,,,,,
,,,,,,,,,,,,,,,,,,,,,,,,,,,,,,,
players,Matas,Buzelis,SF,21,202,207,4,45,1.4,4.5,0.72,5.6,0.61,3.3,0.33,1.9,52,6.6,52,3.1,58,60,1.5,0.1,53,R,,,,,
,,,,,,,,,,,,,,,,,,,,,,,,,,,,,,,
players,Zach,Collins,PF,28,206,249,4,56,2.4,4.7,0.81,9.0,0.6,5.8,0.3,2.7,52,3.6,44,1.7,51,54,1.8,2.3,52,,,,,,
,,,,,,,,,,,,,,,,,,,,,,,,,,,,,,,
players,Rob,Dillingham,PG,21,188,174,4,45,1.3,2.7,0.79,7.4,0.57,5.5,0.35,3.2,45,4.4,51,6.9,52,52,1.2,0.2,50,R,,,,,
,,,,,,,,,,,,,,,,,,,,,,,,,,,,,,,
players,Noa,Essengue,PF,19,202,198,4,45,3.3,6.2,0.73,9.4,0.58,7.5,0.39,1.2,35,7.5,41,2.4,56,43,2.1,1.7,50,R,,,,,
,,,,,,,,,,,,,,,,,,,,,,,,,,,,,,,
players,Josh,Giddey,PG,23,200,213,4,60,3.4,5.7,0.8,8.5,0.45,2.2,0.37,1.8,68,5.5,75,6.3,71,80,0.6,0.1,67,,,,,,
,,,,,,,,,,,,,,,,,,,,,,,,,,,,,,,
players,Tre,Jones,SG,26,185,182,4,45,4.1,1.7,0.89,9.6,0.59,3.2,0.37,1.6,45,2.8,43,5.0,73,53,1.5,2.2,52,,,,,,
,,,,,,,,,,,,,,,,,,,,,,,,,,,,,,,
players,Mac,McClung,SG,27,188,182,4,45,0.9,8.3,0.65,3.9,0.66,8.0,0.37,3.1,35,5.0,38,4.3,78,38,0.7,1.8,50,,,,,,
,,,,,,,,,,,,,,,,,,,,,,,,,,,,,,,
players,Leonard,Miller,PF,22,208,218,4,45,1.6,1.9,0.85,7.4,0.49,1.4,0.43,1.3,35,4.6,40,3.8,63,37,1.8,0.3,50,,,,,,
,,,,,,,,,,,,,,,,,,,,,,,,,,,,,,,
players,Isaac,Okoro,SF,25,193,224,4,54,3.1,5.8,0.84,9.3,0.57,4.9,0.32,0.3,45,7.7,43,8.9,79,51,0.4,1.8,50,,,,,,
,,,,,,,,,,,,,,,,,,,,,,,,,,,,,,,
players,Nick,Richards,C,28,211,244,4,45,2.7,2.4,0.64,9.7,0.52,2.5,0.34,1.0,45,4.3,41,4.0,50,53,1.0,2.2,50,,,,,,
,,,,,,,,,,,,,,,,,,,,,,,,,,,,,,,
players,Collin,Sexton,SG,27,191,189,4,54,3.0,5.4,0.9,9.5,0.66,6.0,0.38,2.5,52,3.7,53,7.4,64,60,1.9,2.4,62,,,,,,
,,,,,,,,,,,,,,,,,,,,,,,,,,,,,,,
players,Anfernee,Simons,SG,26,191,198,4,62,2.9,8.3,0.81,5.1,0.6,3.6,0.32,0.8,60,3.6,62,5.0,66,64,0.6,2.3,58,,,,,,
,,,,,,,,,,,,,,,,,,,,,,,,,,,,,,,
players,Jalen,Smith,PF,26,202,213,4,45,2.2,1.6,0.63,3.6,0.63,0.8,0.39,2.2,45,5.2,50,3.8,54,56,1.7,1.2,54,,,,,,
,,,,,,,,,,,,,,,,,,,,,,,,,,,,,,,
players,Patrick,Williams,PF,24,198,213,4,45,2.8,1.2,0.8,5.9,0.49,8.1,0.34,2.9,45,4.4,39,5.7,53,56,0.6,1.8,55,,,,,,
,,,,,,,,,,,,,,,,,,,,,,,,,,,,,,,
players,Guerschon,Yabusele,C,30,200,264,4,45,3.0,3.2,0.75,6.8,0.6,0.2,0.36,2.9,45,3.6,48,2.1,68,48,0.8,1.9,50,,,,,,
,,,,,,,,,,,,,,,,,,,,,,,,,,,,,,,
,,,,,,,,,,,,,,,,,,,,,,,,,,,,,,,
,,,,,,,,,,,,,,,,,,,,,,,,,,,,,,,
,,,,,,,,,,,,,,,,,,,,,,,,,,,,,,,
,,,,,,,,,,,,,,,,,,,,,,,,,,,,,,,
players,Jarrett,Allen,C,28,206,242,5,65,3.3,3.7,0.73,6.3,0.53,6.8,0.35,2.4,68,4.1,68,1.5,76,72,1.7,2.4,78,,,,,,
,,,,,,,,,,,,,,,,,,,,,,,,,,,,,,,
players,Thomas,Bryant,C,28,206,246,5,45,1.3,6.1,0.7,7.7,0.48,1.0,0.3,3.4,35,3.4,42,6.2,64,40,0.4,1.1,50,,,,,,
,,,,,,,,,,,,,,,,,,,,,,,,,,,,,,,
players,Keon,Ellis,SG,26,193,174,5,45,2.3,7.7,0.77,11.2,0.49,7.0,0.41,2.9,35,6.3,38,5.2,84,37,2.1,2.0,50,,,,,,
,,,,,,,,,,,,,,,,,,,,,,,,,,,,,,,
players,James,Harden,PG,36,196,218,5,68,1.0,6.2,0.68,4.2,0.64,2.3,0.41,1.5,78,1.1,71,6.5,83,90,0.9,1.9,82,,,,,,
,,,,,,,,,,,,,,,,,,,,,,,,,,,,,,,
players,Sam,Merrill,SG,29,193,202,5,45,1.6,2.4,0.72,8.9,0.46,5.8,0.29,3.0,45,2.1,52,3.7,70,53,0.9,0.3,50,,,,,,
,,,,,,,,,,,,,,,,,,,,,,,,,,,,,,,
players,Donovan,Mitchell,SG,29,188,213,5,68,3.9,4.0,0.74,8.2,0.61,8.5,0.43,0.7,78,6.9,71,8.3,70,85,1.4,1.3,87,,,,,,
,,,,,,,,,,,,,,,,,,,,,,,,,,,,,,,
players,Evan,Mobley,PF,24,211,213,5,85,1.9,6.0,0.82,4.4,0.65,3.1,0.28,1.9,78,1.1,75,7.8,71,80,1.4,0.8,80,,,,,,
,,,,,,,,,,,,,,,,,,,,,,,,,,,,,,,
players,Larry,Nance Jr.,SF,33,198,244,5,45,4.3,7.6,0.81,7.5,0.52,4.9,0.3,3.4,35,2.8,35,8.7,49,41,1.3,0.3,50,,,,,,
,,,,,,,,,,,,,,,,,,,,,,,,,,,,,,,
players,Craig,Porter Jr.,SG,26,185,178,5,45,1.5,5.0,0.69,8.8,0.63,1.8,0.31,2.3,35,5.5,35,8.5,75,39,1.3,0.8,50,,,,,,
,,,,,,,,,,,,,,,,,,,,,,,,,,,,,,,
players,Tyrese,Proctor,SG,22,193,182,5,45,2.4,6.1,0.85,9.2,0.61,0.9,0.41,2.8,35,1.9,35,4.1,85,45,0.4,0.4,50,,,,,,
,,,,,,,,,,,,,,,,,,,,,,,,,,,,,,,
players,Dennis,Schroder,PG,32,185,174,5,45,1.0,1.4,0.67,10.9,0.45,2.8,0.43,3.5,45,6.4,46,4.6,51,52,1.8,2.1,55,,,,,,
,,,,,,,,,,,,,,,,,,,,,,,,,,,,,,,
players,Max,Strus,SF,30,196,213,5,51,1.7,2.2,0.71,9.3,0.62,1.0,0.39,2.5,52,2.7,48,5.7,79,58,0.7,1.1,57,,,,,,
,,,,,,,,,,,,,,,,,,,,,,,,,,,,,,,
players,Nae'Qwan,Tomlin,PF,25,202,209,5,45,3.8,5.0,0.74,8.6,0.66,5.0,0.45,3.0,35,7.9,35,3.9,47,43,0.5,1.1,50,,,,,,
,,,,,,,,,,,,,,,,,,,,,,,,,,,,,,,
players,Jaylon,Tyson,SF,23,198,213,5,45,1.1,1.9,0.69,11.1,0.5,5.4,0.36,0.6,45,4.2,39,4.9,57,57,1.9,1.1,52,,,,,,
,,,,,,,,,,,,,,,,,,,,,,,,,,,,,,,
players,Dean,Wade,PF,29,206,227,5,45,4.3,7.4,0.62,4.1,0.46,6.2,0.29,1.1,45,6.4,43,3.8,74,49,2.1,1.4,50,,,,,,
,,,,,,,,,,,,,,,,,,,,,,,,,,,,,,,
,,,,,,,,,,,,,,,,,,,,,,,,,,,,,,,
,,,,,,,,,,,,,,,,,,,,,,,,,,,,,,,
,,,,,,,,,,,,,,,,,,,,,,,,,,,,,,,
,,,,,,,,,,,,,,,,,,,,,,,,,,,,,,,
players,Marvin,Bagley III,PF,27,208,233,6,45,4.2,3.5,0.92,11.7,0.57,2.3,0.31,1.8,35,6.6,38,5.5,79,42,1.6,0.2,50,,,,,,
,,,,,,,,,,,,,,,,,,,,,,,,,,,,,,,
players,Max,Christie,SG,23,196,189,6,45,1.9,7.5,0.79,10.7,0.47,5.4,0.32,0.5,45,4.9,45,4.3,85,52,1.0,2.0,52,,,,,,
,,,,,,,,,,,,,,,,,,,,,,,,,,,,,,,
players,Cooper,Flagg,PF,19,206,202,6,62,1.5,4.2,0.63,6.2,0.46,4.7,0.4,2.6,60,2.5,55,4.8,72,67,2.0,0.1,58,R,,,,,
,,,,,,,,,,,,,,,,,,,,,,,,,,,,,,,
players,Daniel,Gafford,C,27,208,264,6,50,1.5,2.4,0.75,9.7,0.56,6.9,0.37,1.0,60,6.0,52,6.8,48,67,1.0,1.1,68,,,,,,
,,,,,,,,,,,,,,,,,,,,,,,,,,,,,,,
players,Kyrie,Irving,PG,34,188,194,6,65,1.6,4.1,0.68,7.1,0.46,8.5,0.41,1.0,68,1.6,72,4.9,72,71,2.1,1.2,76,,,,,,
,,,,,,,,,,,,,,,,,,,,,,,,,,,,,,,
players,AJ,Johnson,SG,21,196,158,6,46,1.8,7.0,0.84,11.3,0.52,2.8,0.35,1.6,45,1.6,50,6.6,53,52,0.7,0.0,50,R,,,,,
,,,,,,,,,,,,,,,,,,,,,,,,,,,,,,,
players,Dereck,Lively II,C,22,216,229,6,54,2.2,5.1,0.74,11.8,0.64,7.6,0.3,1.7,45,7.4,43,7.9,52,56,1.0,0.5,50,,,,,,
,,,,,,,,,,,,,,,,,,,,,,,,,,,,,,,
players,Naji,Marshall,SG,28,198,218,6,45,1.2,4.7,0.91,10.6,0.58,4.7,0.4,3.5,45,1.7,47,2.8,68,49,2.0,0.3,50,,,,,,
,,,,,,,,,,,,,,,,,,,,,,,,,,,,,,,
players,Caleb,Martin,SF,30,196,202,6,54,1.7,5.4,0.72,11.6,0.53,3.9,0.36,1.5,45,5.6,44,2.8,56,53,0.4,0.6,51,,,,,,
,,,,,,,,,,,,,,,,,,,,,,,,,,,,,,,
players,Khris,Middleton,SF,34,200,220,6,47,2.0,8.5,0.89,7.9,0.56,5.8,0.43,1.7,52,2.7,59,8.2,82,58,1.2,1.2,54,,,,,,
,,,,,,,,,,,,,,,,,,,,,,,,,,,,,,,
players,Ryan,Nembhard,PG,23,180,178,6,45,4.4,5.0,0.68,10.6,0.56,4.6,0.39,2.5,35,4.5,35,5.5,75,43,2.1,0.1,50,,,,,,
,,,,,,,,,,,,,,,,,,,,,,,,,,,,,,,
players,Dwight,Powell,C,34,208,238,6,45,2.8,8.3,0.78,7.5,0.5,3.4,0.3,3.3,35,2.8,40,7.6,78,44,1.2,1.8,50,,,,,,
,,,,,,,,,,,,,,,,,,,,,,,,,,,,,,,
players,Tyler,Smith,PF,21,206,222,6,45,1.7,7.3,0.65,9.7,0.6,5.2,0.45,0.6,35,4.7,35,8.9,71,37,0.3,1.8,50,R,,,,,
,,,,,,,,,,,,,,,,,,,,,,,,,,,,,,,
players,Klay,Thompson,SF,36,196,218,6,61,2.7,1.5,0.69,8.7,0.59,4.1,0.44,2.9,52,3.9,56,5.9,78,54,0.5,0.9,50,,,,,,
,,,,,,,,,,,,,,,,,,,,,,,,,,,,,,,
players,P.J.,Washington,PF,27,200,229,6,47,4.0,8.1,0.64,3.4,0.54,5.5,0.3,2.7,52,1.3,55,6.4,66,57,1.9,1.8,50,,,,,,
,,,,,,,,,,,,,,,,,,,,,,,,,,,,,,,
players,Brandon,Williams,PG,26,185,189,6,45,4.0,7.7,0.85,3.5,0.45,8.3,0.44,0.4,35,8.5,36,7.6,73,47,2.2,1.2,50,,,,,,
,,,,,,,,,,,,,,,,,,,,,,,,,,,,,,,
,,,,,,,,,,,,,,,,,,,,,,,,,,,,,,,
,,,,,,,,,,,,,,,,,,,,,,,,,,,,,,,
,,,,,,,,,,,,,,,,,,,,,,,,,,,,,,,
,,,,,,,,,,,,,,,,,,,,,,,,,,,,,,,
players,Christian,Braun,SG,25,198,218,7,45,4.2,6.8,0.76,10.1,0.57,5.7,0.41,2.8,52,7.6,57,1.5,51,56,0.3,2.2,54,,,,,,
,,,,,,,,,,,,,,,,,,,,,,,,,,,,,,,
players,Bruce,Brown,PG,29,193,200,7,45,3.1,3.6,0.79,6.7,0.52,6.5,0.41,2.7,35,2.1,39,8.7,73,47,1.7,2.0,50,,,,,,
,,,,,,,,,,,,,,,,,,,,,,,,,,,,,,,
players,Aaron,Gordon,PF,30,202,233,7,62,1.4,5.5,0.8,6.5,0.55,0.0,0.44,0.6,68,6.1,67,3.6,53,72,1.8,0.8,70,,,,,,
,,,,,,,,,,,,,,,,,,,,,,,,,,,,,,,
players,Tim,Hardaway Jr.,SG,34,196,202,7,45,1.7,8.1,0.85,4.0,0.52,8.2,0.39,1.0,52,4.2,51,1.6,57,54,0.3,0.5,61,,,,,,
,,,,,,,,,,,,,,,,,,,,,,,,,,,,,,,
players,DaRon,Holmes II,C,23,206,224,7,45,2.8,4.0,0.8,5.8,0.55,1.4,0.36,3.4,35,1.1,43,7.5,50,46,1.3,2.4,50,,,,,,
,,,,,,,,,,,,,,,,,,,,,,,,,,,,,,,
players,Cameron,Johnson,PF,30,202,209,7,65,0.8,5.8,0.77,11.1,0.55,7.3,0.3,1.4,60,4.6,58,4.6,55,63,1.5,0.1,64,,,,,,
,,,,,,,,,,,,,,,,,,,,,,,,,,,,,,,
players,Nikola,Jokic,C,31,211,282,7,92,4.3,1.0,0.69,11.0,0.5,7.4,0.32,2.2,88,4.3,92,2.4,69,97,1.6,0.8,95,,,,,,
,,,,,,,,,,,,,,,,,,,,,,,,,,,,,,,
players,Spencer,Jones,PF,24,200,224,7,45,4.5,4.6,0.79,9.0,0.47,0.1,0.31,2.4,35,3.8,35,3.4,67,40,1.4,2.1,50,,,,,,
,,,,,,,,,,,,,,,,,,,,,,,,,,,,,,,
players,Tyus,Jones,PG,29,183,194,7,45,2.3,5.5,0.72,6.9,0.65,2.1,0.39,0.8,35,6.4,35,4.8,52,37,0.5,1.8,50,,,,,,
,,,,,,,,,,,,,,,,,,,,,,,,,,,,,,,
players,Jamal,Murray,PG,29,193,213,7,71,4.0,4.5,0.82,9.3,0.64,2.1,0.42,3.1,68,1.2,60,8.4,51,73,1.9,0.1,68,,,,,,
,,,,,,,,,,,,,,,,,,,,,,,,,,,,,,,
players,Zeke,Nnaji,C,25,208,238,7,59,2.9,7.4,0.82,8.8,0.65,7.2,0.34,0.6,52,2.5,45,0.5,83,64,0.8,2.1,52,,,,,,
,,,,,,,,,,,,,,,,,,,,,,,,,,,,,,,
players,Jalen,Pickett,SG,26,188,200,7,45,1.7,7.3,0.86,9.6,0.55,3.7,0.42,2.5,35,1.9,35,5.7,59,38,1.2,0.7,50,,,,,,
,,,,,,,,,,,,,,,,,,,,,,,,,,,,,,,
players,Julian,Strawther,SF,24,198,202,7,45,0.8,2.6,0.67,3.5,0.59,5.5,0.45,0.9,35,4.0,39,6.1,75,45,1.8,0.2,50,,,,,,
,,,,,,,,,,,,,,,,,,,,,,,,,,,,,,,
players,Jonas,Valanciunas,C,33,211,264,7,45,3.6,3.9,0.8,5.2,0.58,6.5,0.42,1.9,45,5.0,40,1.0,68,56,1.5,0.5,50,,,,,,
,,,,,,,,,,,,,,,,,,,,,,,,,,,,,,,
players,Peyton,Watson,SF,23,202,198,7,45,4.0,7.1,0.62,9.4,0.49,7.9,0.29,1.3,45,5.2,50,7.0,45,52,1.2,1.1,55,,,,,,
,,,,,,,,,,,,,,,,,,,,,,,,,,,,,,,
,,,,,,,,,,,,,,,,,,,,,,,,,,,,,,,
,,,,,,,,,,,,,,,,,,,,,,,,,,,,,,,
,,,,,,,,,,,,,,,,,,,,,,,,,,,,,,,
,,,,,,,,,,,,,,,,,,,,,,,,,,,,,,,
players,Cade,Cunningham,PG,24,198,218,8,92,2.2,4.8,0.81,3.8,0.52,4.8,0.3,2.0,88,6.9,83,4.2,85,99,1.3,0.3,89,,,,,,
,,,,,,,,,,,,,,,,,,,,,,,,,,,,,,,
players,Jalen,Duren,C,22,208,249,8,72,1.7,5.4,0.68,4.1,0.6,4.6,0.37,1.6,78,6.4,74,3.8,85,87,2.1,1.9,81,,,,,,
,,,,,,,,,,,,,,,,,,,,,,,,,,,,,,,
players,Javonte,Green,SG,32,196,202,8,45,3.5,4.8,0.8,8.3,0.54,4.4,0.39,3.4,35,7.2,35,7.1,84,47,0.3,1.3,50,,,,,,
,,,,,,,,,,,,,,,,,,,,,,,,,,,,,,,
players,Tobias,Harris,SF,33,202,224,8,60,3.6,5.1,0.71,8.7,0.63,6.5,0.44,2.2,60,1.0,62,3.9,75,68,1.7,0.6,61,,,,,,
,,,,,,,,,,,,,,,,,,,,,,,,,,,,,,,
players,Ronald,Holland II,SF,20,202,205,8,45,2.8,2.0,0.76,8.8,0.59,0.8,0.42,0.6,45,5.2,53,8.2,64,56,1.0,0.5,50,R,,,,,
,,,,,,,,,,,,,,,,,,,,,,,,,,,,,,,
players,Kevin,Huerter,SG,27,198,196,8,45,2.7,5.6,0.77,4.3,0.63,4.5,0.44,3.4,45,4.0,43,1.3,63,56,1.7,1.8,53,,,,,,
,,,,,,,,,,,,,,,,,,,,,,,,,,,,,,,
players,Daniss,Jenkins,PG,24,193,163,8,45,1.6,2.9,0.77,4.4,0.6,2.0,0.29,0.4,35,1.4,38,2.8,79,37,0.7,0.1,50,,,,,,
,,,,,,,,,,,,,,,,,,,,,,,,,,,,,,,
players,Isaac,Jones,C,26,202,244,8,45,4.0,7.4,0.79,9.5,0.63,8.4,0.32,1.2,35,8.5,35,5.7,68,42,1.9,2.1,50,,,,,,
,,,,,,,,,,,,,,,,,,,,,,,,,,,,,,,
players,Chaz,Lanier,SG,24,191,205,8,45,2.6,1.7,0.89,5.9,0.58,3.3,0.3,2.7,35,8.0,35,4.3,76,38,1.3,1.5,50,,,,,,
,,,,,,,,,,,,,,,,,,,,,,,,,,,,,,,
players,Caris,LeVert,SG,31,200,202,8,45,1.3,1.6,0.74,6.5,0.54,6.0,0.35,0.7,45,4.9,38,6.3,69,55,2.1,0.1,51,,,,,,
,,,,,,,,,,,,,,,,,,,,,,,,,,,,,,,
players,Wendell,Moore Jr.,SF,24,196,213,8,45,1.2,8.0,0.88,6.9,0.54,3.9,0.34,0.7,35,3.9,35,8.2,46,37,0.6,1.4,50,,,,,,
,,,,,,,,,,,,,,,,,,,,,,,,,,,,,,,
players,Paul,Reed,PF,26,206,209,8,45,4.0,8.4,0.78,5.2,0.47,5.3,0.41,2.6,35,2.2,35,5.8,67,46,0.8,1.9,50,,,,,,
,,,,,,,,,,,,,,,,,,,,,,,,,,,,,,,
players,Duncan,Robinson,SF,32,200,213,8,45,0.9,1.7,0.88,5.3,0.61,6.8,0.44,1.0,45,1.5,50,8.9,68,49,0.7,1.6,52,,,,,,
,,,,,,,,,,,,,,,,,,,,,,,,,,,,,,,
players,Marcus,Sasser,PG,25,185,194,8,45,1.1,4.6,0.79,5.8,0.67,4.7,0.29,2.2,35,2.9,41,4.0,79,38,1.2,1.5,50,,,,,,
,,,,,,,,,,,,,,,,,,,,,,,,,,,,,,,
players,Isaiah,Stewart,C,24,202,249,8,47,3.4,6.3,0.68,7.8,0.48,5.2,0.43,0.7,45,1.7,52,7.5,45,53,0.7,0.8,50,,,,,,
,,,,,,,,,,,,,,,,,,,,,,,,,,,,,,,
players,Ausar,Thompson,PF,23,200,202,8,74,3.3,8.2,0.7,4.4,0.56,6.4,0.34,1.4,68,1.8,69,5.8,50,73,1.2,1.2,72,,,,,,
,,,,,,,,,,,,,,,,,,,,,,,,,,,,,,,
,,,,,,,,,,,,,,,,,,,,,,,,,,,,,,,
,,,,,,,,,,,,,,,,,,,,,,,,,,,,,,,
,,,,,,,,,,,,,,,,,,,,,,,,,,,,,,,
,,,,,,,,,,,,,,,,,,,,,,,,,,,,,,,
players,Steven,Adams,C,32,211,264,10,55,3.5,5.3,0.71,4.2,0.48,5.8,0.3,1.1,45,2.4,42,3.1,56,54,1.5,0.6,54,,,,,,
,,,,,,,,,,,,,,,,,,,,,,,,,,,,,,,
players,Clint,Capela,C,31,208,255,10,45,2.6,3.8,0.83,9.4,0.62,3.4,0.4,0.5,35,5.7,38,8.0,72,46,1.5,2.4,50,,,,,,
,,,,,,,,,,,,,,,,,,,,,,,,,,,,,,,
players,JD,Davison,SG,23,185,194,10,45,2.9,4.8,0.76,10.4,0.54,6.5,0.38,0.5,35,4.8,35,1.8,80,46,1.1,0.4,50,,,,,,
,,,,,,,,,,,,,,,,,,,,,,,,,,,,,,,
players,Kevin,Durant,PF,37,211,238,10,82,3.0,4.5,0.69,6.0,0.61,7.4,0.31,0.6,78,4.8,84,3.5,60,87,0.3,0.7,84,,,,,,
,,,,,,,,,,,,,,,,,,,,,,,,,,,,,,,
players,Tari,Eason,SG,24,202,213,10,45,3.8,4.6,0.86,5.9,0.48,6.6,0.42,1.2,45,3.5,53,3.5,70,57,1.1,1.2,50,,,,,,
,,,,,,,,,,,,,,,,,,,,,,,,,,,,,,,
players,Dorian,Finney-Smith,SF,33,200,218,10,45,1.1,1.6,0.7,7.0,0.49,3.0,0.44,1.3,45,4.1,40,2.3,58,50,2.1,1.2,53,,,,,,
,,,,,,,,,,,,,,,,,,,,,,,,,,,,,,,
players,Jeff,Green,PF,39,202,233,10,45,3.2,8.3,0.82,4.0,0.53,4.4,0.4,3.0,35,7.5,41,7.6,79,42,1.4,0.9,50,,,,,,
,,,,,,,,,,,,,,,,,,,,,,,,,,,,,,,
players,Aaron,Holiday,PG,29,183,182,10,45,3.5,6.7,0.85,9.5,0.63,5.8,0.32,0.5,35,2.9,40,4.4,68,40,1.2,1.1,50,,,,,,
,,,,,,,,,,,,,,,,,,,,,,,,,,,,,,,
players,Josh,Okogie,SG,27,193,211,10,45,3.3,1.7,0.67,8.5,0.61,0.5,0.42,0.9,45,4.7,51,4.5,79,57,1.2,2.0,50,,,,,,
,,,,,,,,,,,,,,,,,,,,,,,,,,,,,,,
players,Alperen,Sengun,C,23,211,242,10,81,2.6,2.0,0.78,6.8,0.52,6.6,0.34,2.9,78,1.1,72,4.9,54,90,1.7,0.7,88,,,,,,
,,,,,,,,,,,,,,,,,,,,,,,,,,,,,,,
players,Reed,Sheppard,PG,21,188,182,10,50,1.9,4.2,0.63,5.6,0.6,5.3,0.3,0.6,52,6.3,50,7.8,47,61,1.9,1.8,50,R,,,,,
,,,,,,,,,,,,,,,,,,,,,,,,,,,,,,,
players,Jabari,Smith Jr.,PF,22,211,218,10,45,2.6,1.4,0.75,6.7,0.51,1.7,0.36,3.0,52,4.5,46,4.5,81,64,1.1,1.5,61,,,,,,
,,,,,,,,,,,,,,,,,,,,,,,,,,,,,,,
players,Jae'Sean,Tate,SG,30,193,229,10,45,1.4,5.0,0.88,5.0,0.46,6.2,0.42,2.1,35,4.8,36,1.4,49,42,0.9,2.0,50,,,,,,
,,,,,,,,,,,,,,,,,,,,,,,,,,,,,,,
players,Amen,Thompson,SG,23,200,198,10,78,1.6,2.2,0.86,10.0,0.58,7.1,0.37,2.3,68,8.4,60,3.4,82,75,1.1,1.5,71,,,,,,
,,,,,,,,,,,,,,,,,,,,,,,,,,,,,,,
players,Fred,VanVleet,PG,32,183,196,10,62,1.2,5.0,0.9,4.3,0.62,0.8,0.3,1.4,60,7.4,58,2.1,81,64,0.8,1.3,56,,,,,,
,,,,,,,,,,,,,,,,,,,,,,,,,,,,,,,
,,,,,,,,,,,,,,,,,,,,,,,,,,,,,,,
,,,,,,,,,,,,,,,,,,,,,,,,,,,,,,,
,,,,,,,,,,,,,,,,,,,,,,,,,,,,,,,
,,,,,,,,,,,,,,,,,,,,,,,,,,,,,,,
players,Kobe,Brown,SG,26,200,249,11,45,1.8,3.1,0.7,9.9,0.48,5.4,0.44,3.2,35,8.1,35,2.3,53,39,0.7,1.0,50,,,,,,
,,,,,,,,,,,,,,,,,,,,,,,,,,,,,,,
players,Johnny,Furphy,SG,21,202,198,11,45,2.4,7.1,0.79,12.0,0.56,7.1,0.36,2.7,35,6.1,41,1.3,47,46,1.5,0.6,50,R,,,,,
,,,,,,,,,,,,,,,,,,,,,,,,,,,,,,,
players,Tyrese,Haliburton,PG,26,196,182,11,74,1.6,6.7,0.69,8.6,0.65,7.3,0.42,1.5,78,8.1,74,6.0,48,83,1.5,0.6,86,,,,,,
,,,,,,,,,,,,,,,,,,,,,,,,,,,,,,,
players,Jay,Huff,C,28,216,238,11,45,2.9,6.8,0.84,10.3,0.56,1.3,0.34,1.7,45,6.8,37,1.3,61,52,1.4,0.0,50,,,,,,
,,,,,,,,,,,,,,,,,,,,,,,,,,,,,,,
players,Quenton,Jackson,G,27,193,171,11,45,1.8,5.0,0.85,7.6,0.66,8.4,0.45,1.3,35,7.6,35,8.9,57,46,0.8,1.6,50,,,,,,
,,,,,,,,,,,,,,,,,,,,,,,,,,,,,,,
players,Kam,Jones,SG,24,193,198,11,45,1.4,8.1,0.91,5.4,0.62,1.1,0.39,0.4,35,5.0,41,2.2,78,46,2.1,0.6,50,,,,,,
,,,,,,,,,,,,,,,,,,,,,,,,,,,,,,,
players,T.J.,McConnell,PG,34,185,189,11,49,3.4,5.8,0.84,10.5,0.58,4.9,0.41,2.1,45,4.1,45,3.8,46,51,1.7,1.6,50,,,,,,
,,,,,,,,,,,,,,,,,,,,,,,,,,,,,,,
players,Andrew,Nembhard,SG,26,193,189,11,63,2.9,1.9,0.8,7.6,0.51,3.5,0.42,2.1,60,3.8,56,0.9,78,62,0.6,1.6,69,,,,,,
,,,,,,,,,,,,,,,,,,,,,,,,,,,,,,,
players,Aaron,Nesmith,SF,26,196,213,11,51,2.0,6.1,0.87,3.2,0.65,6.9,0.3,2.8,60,6.3,60,4.9,45,68,0.9,0.9,58,,,,,,
,,,,,,,,,,,,,,,,,,,,,,,,,,,,,,,
players,Taelon,Peter,SG,24,191,182,11,45,1.1,4.5,0.83,3.3,0.64,6.5,0.3,1.9,35,4.8,41,4.3,57,46,1.5,1.4,50,,,,,,
,,,,,,,,,,,,,,,,,,,,,,,,,,,,,,,
players,Micah,Potter,C,28,206,246,11,45,3.4,4.9,0.66,8.8,0.62,1.3,0.38,2.6,35,6.8,35,7.7,76,41,0.9,1.8,50,,,,,,
,,,,,,,,,,,,,,,,,,,,,,,,,,,,,,,
players,Ben,Sheppard,SF,24,198,189,11,45,3.3,4.6,0.81,7.4,0.59,0.0,0.33,0.4,35,6.2,40,4.3,68,37,0.6,1.3,50,,,,,,
,,,,,,,,,,,,,,,,,,,,,,,,,,,,,,,
players,Pascal,Siakam,PF,32,202,244,11,69,2.3,1.5,0.85,4.1,0.57,6.5,0.29,1.9,68,5.1,65,4.4,59,72,1.0,0.8,64,,,,,,
,,,,,,,,,,,,,,,,,,,,,,,,,,,,,,,
players,Obi,Toppin,PF,28,206,218,11,68,2.3,6.6,0.85,10.9,0.48,5.0,0.32,2.3,60,2.1,61,4.1,48,72,0.5,2.0,62,,,,,,
,,,,,,,,,,,,,,,,,,,,,,,,,,,,,,,
players,Jarace,Walker,PF,22,200,233,11,55,2.0,2.9,0.79,9.8,0.54,3.0,0.38,0.6,45,4.9,49,7.2,64,54,0.7,1.6,50,,,,,,
,,,,,,,,,,,,,,,,,,,,,,,,,,,,,,,
players,Ivica,Zubac,C,29,213,238,11,71,4.4,8.4,0.67,7.0,0.61,7.5,0.33,0.4,68,1.9,68,5.7,69,78,0.4,2.1,74,,,,,,
,,,,,,,,,,,,,,,,,,,,,,,,,,,,,,,
,,,,,,,,,,,,,,,,,,,,,,,,,,,,,,,
,,,,,,,,,,,,,,,,,,,,,,,,,,,,,,,
,,,,,,,,,,,,,,,,,,,,,,,,,,,,,,,
,,,,,,,,,,,,,,,,,,,,,,,,,,,,,,,
players,Santi,Aldama,PF,25,213,213,14,53,3.5,6.3,0.92,9.6,0.6,3.5,0.41,0.6,52,2.2,54,0.9,63,58,0.5,1.6,50,,,,,,
,,,,,,,,,,,,,,,,,,,,,,,,,,,,,,,
players,Kentavious,Caldwell-Pope,SG,33,196,202,14,45,4.2,6.6,0.62,9.2,0.56,6.4,0.45,0.8,52,1.6,55,4.9,64,56,2.2,0.4,50,,,,,,
,,,,,,,,,,,,,,,,,,,,,,,,,,,,,,,
players,Brandon,Clarke,SF,29,202,213,14,48,2.3,5.4,0.73,4.9,0.6,5.1,0.36,0.9,45,6.0,41,5.5,56,49,0.6,0.6,50,,,,,,
,,,,,,,,,,,,,,,,,,,,,,,,,,,,,,,
players,Walter,Clayton Jr.,PG,23,193,194,14,45,4.3,2.1,0.89,5.4,0.46,5.9,0.4,0.4,35,3.7,35,2.7,66,37,1.1,1.9,50,,,,,,
,,,,,,,,,,,,,,,,,,,,,,,,,,,,,,,
players,Cedric,Coward,SF,22,196,205,14,49,3.1,8.2,0.85,3.8,0.52,2.5,0.36,3.0,52,4.8,58,8.2,63,61,1.5,0.8,61,,,,,,
,,,,,,,,,,,,,,,,,,,,,,,,,,,,,,,
players,Zach,Edey,C,24,221,304,14,45,3.6,1.7,0.77,10.0,0.64,2.1,0.34,0.4,52,1.8,46,7.4,66,55,2.1,1.1,60,,,,,,
,,,,,,,,,,,,,,,,,,,,,,,,,,,,,,,
players,Taj,Gibson,C,40,206,231,14,45,3.1,6.7,0.78,11.6,0.53,5.5,0.37,2.2,35,3.5,43,5.8,81,41,1.9,1.2,50,,,,,,
,,,,,,,,,,,,,,,,,,,,,,,,,,,,,,,
players,Taylor,Hendricks,SF,22,206,213,14,52,2.0,5.7,0.65,3.3,0.54,1.6,0.29,3.1,45,2.7,38,5.4,78,55,0.4,0.4,52,,,,,,
,,,,,,,,,,,,,,,,,,,,,,,,,,,,,,,
players,GG,Jackson,SF,21,206,209,14,45,3.4,8.4,0.87,10.1,0.57,3.7,0.4,0.3,35,3.8,42,6.2,55,37,0.5,0.3,50,R,,,,,
,,,,,,,,,,,,,,,,,,,,,,,,,,,,,,,
players,Ty,Jerome,SG,28,196,194,14,45,1.5,6.0,0.86,3.6,0.58,5.8,0.38,0.7,52,1.4,56,8.8,82,55,2.1,1.6,54,,,,,,
,,,,,,,,,,,,,,,,,,,,,,,,,,,,,,,
players,Jahmai,Mashack,PG,23,191,196,14,45,2.5,4.7,0.84,5.5,0.57,5.6,0.37,2.8,35,2.5,35,7.5,82,38,2.0,0.3,50,,,,,,
,,,,,,,,,,,,,,,,,,,,,,,,,,,,,,,
players,Ja,Morant,PG,26,188,171,14,65,3.1,5.3,0.73,5.7,0.47,6.9,0.44,2.1,68,3.5,70,3.2,48,70,2.1,0.9,68,,,,,,
,,,,,,,,,,,,,,,,,,,,,,,,,,,,,,,
players,Toby,Okani,PF,24,202,209,14,45,4.4,7.2,0.68,4.2,0.65,3.3,0.43,1.5,35,6.3,35,3.5,55,42,1.1,1.8,50,,,,,,
,,,,,,,,,,,,,,,,,,,,,,,,,,,,,,,
players,Scotty,Pippen Jr.,SG,25,188,169,14,67,2.2,4.7,0.85,3.3,0.64,6.7,0.33,1.7,68,7.0,76,8.6,68,80,1.8,0.8,77,,,,,,
,,,,,,,,,,,,,,,,,,,,,,,,,,,,,,,
players,Olivier-Maxence,Prosper,PF,23,200,229,14,45,4.1,1.3,0.68,7.8,0.66,7.1,0.42,1.3,35,5.7,35,7.9,69,46,1.1,2.2,50,,,,,,
,,,,,,,,,,,,,,,,,,,,,,,,,,,,,,,
players,Cam,Spencer,SG,26,191,202,14,45,3.9,2.7,0.72,4.0,0.54,6.6,0.32,1.3,45,4.3,48,2.8,66,55,2.1,1.0,50,,,,,,
,,,,,,,,,,,,,,,,,,,,,,,,,,,,,,,
players,Jaylen,Wells,SF,22,200,205,14,45,2.1,3.3,0.72,7.9,0.57,5.2,0.43,0.6,35,7.4,35,2.6,64,42,1.6,1.5,50,,,,,,
,,,,,,,,,,,,,,,,,,,,,,,,,,,,,,,
players,Dariq,Whitehead,SF,21,198,218,14,45,4.4,2.3,0.63,6.3,0.56,2.7,0.36,1.0,35,8.3,35,1.0,67,41,1.5,2.1,50,R,,,,,
,,,,,,,,,,,,,,,,,,,,,,,,,,,,,,,
,,,,,,,,,,,,,,,,,,,,,,,,,,,,,,,
,,,,,,,,,,,,,,,,,,,,,,,,,,,,,,,
,,,,,,,,,,,,,,,,,,,,,,,,,,,,,,,
,,,,,,,,,,,,,,,,,,,,,,,,,,,,,,,
players,Bam,Adebayo,C,28,206,257,15,58,0.9,4.1,0.89,6.5,0.53,7.2,0.45,2.7,68,1.7,72,4.6,68,76,1.6,2.1,63,,,,,,
,,,,,,,,,,,,,,,,,,,,,,,,,,,,,,,
players,Simone,Fontecchio,PF,30,200,218,15,45,4.4,6.9,0.91,8.7,0.53,5.1,0.35,1.5,45,4.2,50,4.7,52,48,1.2,1.3,51,,,,,,
,,,,,,,,,,,,,,,,,,,,,,,,,,,,,,,
players,Myron,Gardner,SF,24,196,224,15,45,4.2,2.3,0.73,6.5,0.62,6.0,0.33,3.3,35,7.2,35,1.6,84,43,1.7,2.5,50,,,,,,
,,,,,,,,,,,,,,,,,,,,,,,,,,,,,,,
players,Tyler,Herro,SG,26,196,202,15,74,2.7,2.3,0.92,8.9,0.63,4.5,0.39,2.7,68,2.7,71,8.1,70,74,1.6,1.8,71,,,,,,
,,,,,,,,,,,,,,,,,,,,,,,,,,,,,,,
players,Kasparas,Jakucionis,SG,19,196,202,15,45,0.9,5.0,0.63,10.9,0.63,8.5,0.42,1.6,45,3.8,47,1.5,64,52,1.2,0.2,50,R,,,,,
,,,,,,,,,,,,,,,,,,,,,,,,,,,,,,,
players,Jaime,Jaquez Jr.,SF,25,198,229,15,62,2.5,5.3,0.81,3.6,0.63,5.5,0.3,1.4,52,7.7,59,6.7,56,54,0.3,1.6,50,,,,,,
,,,,,,,,,,,,,,,,,,,,,,,,,,,,,,,
players,Keshad,Johnson,SF,24,198,229,15,45,2.6,3.8,0.69,9.6,0.66,4.4,0.42,1.2,35,6.0,37,8.2,85,37,1.8,1.2,50,,,,,,
,,,,,,,,,,,,,,,,,,,,,,,,,,,,,,,
players,Nikola,Jovic,PF,22,208,238,15,53,2.3,5.8,0.66,11.0,0.57,3.7,0.37,2.4,52,2.2,55,5.4,70,63,1.8,0.8,50,,,,,,
,,,,,,,,,,,,,,,,,,,,,,,,,,,,,,,
players,Trevor,Keels,PG,22,193,220,15,45,1.6,7.4,0.76,7.9,0.57,3.1,0.35,0.8,35,2.4,35,8.1,47,40,0.4,1.3,50,,,,,,
,,,,,,,,,,,,,,,,,,,,,,,,,,,,,,,
players,Pelle,Larsson,PG,25,196,213,15,45,1.3,5.9,0.78,8.1,0.46,2.4,0.36,2.4,35,7.5,35,9.0,72,42,0.7,2.0,50,,,,,,
,,,,,,,,,,,,,,,,,,,,,,,,,,,,,,,
players,Davion,Mitchell,PG,27,183,209,15,67,2.2,1.9,0.69,3.2,0.57,0.0,0.43,2.8,60,6.8,57,7.0,62,65,1.1,1.9,62,,,,,,
,,,,,,,,,,,,,,,,,,,,,,,,,,,,,,,
players,Norman,Powell,SG,32,193,213,15,60,3.6,4.0,0.71,8.0,0.47,5.7,0.36,1.7,68,4.2,72,7.6,64,71,1.3,2.2,76,,,,,,
,,,,,,,,,,,,,,,,,,,,,,,,,,,,,,,
players,Dru,Smith,PG,28,188,198,15,45,4.3,1.3,0.78,4.5,0.66,3.2,0.36,2.8,35,2.8,39,1.0,59,41,1.9,0.2,50,,,,,,
,,,,,,,,,,,,,,,,,,,,,,,,,,,,,,,
players,Kel'el,Ware,C,22,213,249,15,51,2.2,3.3,0.83,5.3,0.64,8.4,0.41,3.2,45,6.6,43,8.9,57,50,0.5,1.0,50,,,,,,
,,,,,,,,,,,,,,,,,,,,,,,,,,,,,,,
players,Andrew,Wiggins,SF,31,200,209,15,60,2.1,3.0,0.69,11.0,0.54,7.8,0.29,3.4,68,2.1,70,5.3,57,80,1.9,1.8,74,,,,,,
,,,,,,,,,,,,,,,,,,,,,,,,,,,,,,,
,,,,,,,,,,,,,,,,,,,,,,,,,,,,,,,
,,,,,,,,,,,,,,,,,,,,,,,,,,,,,,,
,,,,,,,,,,,,,,,,,,,,,,,,,,,,,,,
,,,,,,,,,,,,,,,,,,,,,,,,,,,,,,,
players,Giannis,Antetokounmpo,PF,31,211,242,16,86,3.4,1.5,0.86,5.8,0.49,1.2,0.42,1.1,88,2.3,84,5.3,75,96,0.7,1.7,86,,,,,,
,,,,,,,,,,,,,,,,,,,,,,,,,,,,,,,
players,Thanasis,Antetokounmpo,SF,33,200,218,16,45,2.7,1.8,0.73,11.2,0.55,8.0,0.34,0.9,35,3.9,35,2.1,51,44,1.4,0.1,50,,,,,,
,,,,,,,,,,,,,,,,,,,,,,,,,,,,,,,
players,Ousmane,Dieng,PF,22,206,182,16,45,1.9,3.1,0.78,7.1,0.51,2.1,0.31,1.7,35,2.2,35,8.4,63,40,0.4,2.1,50,,,,,,
,,,,,,,,,,,,,,,,,,,,,,,,,,,,,,,
players,AJ,Green,SG,26,193,189,16,45,2.4,7.0,0.89,8.9,0.54,3.4,0.31,1.4,35,5.2,35,1.4,85,45,2.0,1.9,50,,,,,,
,,,,,,,,,,,,,,,,,,,,,,,,,,,,,,,
players,Gary,Harris,SG,31,193,209,16,45,3.0,7.6,0.7,8.1,0.51,0.1,0.43,2.6,35,5.0,35,3.6,74,39,0.6,0.1,50,,,,,,
,,,,,,,,,,,,,,,,,,,,,,,,,,,,,,,
players,Andre,Jackson Jr.,SF,24,198,207,16,45,2.3,1.9,0.83,7.0,0.47,1.8,0.34,2.1,35,1.7,35,1.6,50,41,0.6,2.2,50,,,,,,
,,,,,,,,,,,,,,,,,,,,,,,,,,,,,,,
players,Kyle,Kuzma,SF,30,202,220,16,65,2.2,4.2,0.74,5.0,0.57,7.8,0.37,1.8,60,1.9,68,6.8,75,66,1.5,2.3,67,,,,,,
,,,,,,,,,,,,,,,,,,,,,,,,,,,,,,,
players,Pete,Nance,C,26,206,224,16,45,1.0,1.6,0.76,11.0,0.58,3.8,0.42,3.4,35,1.0,42,1.7,62,46,0.4,0.1,50,,,,,,
,,,,,,,,,,,,,,,,,,,,,,,,,,,,,,,
players,Kevin,Porter Jr.,SG,26,196,202,16,45,1.7,1.3,0.83,6.8,0.65,0.8,0.37,1.2,45,3.7,47,5.1,60,57,0.8,0.3,50,,,,,,
,,,,,,,,,,,,,,,,,,,,,,,,,,,,,,,
players,Bobby,Portis,C,31,206,249,16,52,2.8,5.9,0.79,4.1,0.54,7.2,0.35,2.3,52,4.3,46,7.3,51,62,0.6,1.1,55,,,,,,
,,,,,,,,,,,,,,,,,,,,,,,,,,,,,,,
players,Taurean,Prince,SF,32,198,216,16,50,2.0,6.5,0.81,10.3,0.65,4.7,0.33,0.6,45,7.4,42,2.8,78,53,0.8,2.2,50,,,,,,
,,,,,,,,,,,,,,,,,,,,,,,,,,,,,,,
players,Ryan,Rollins,PG,23,191,178,16,49,1.5,4.2,0.67,5.9,0.59,6.7,0.38,2.2,52,5.2,50,0.7,49,55,0.5,1.8,55,,,,,,
,,,,,,,,,,,,,,,,,,,,,,,,,,,,,,,
players,Cormac,Ryan,SG,27,196,194,16,45,1.8,2.0,0.88,9.9,0.59,7.6,0.38,1.8,35,6.1,38,1.6,57,42,2.2,0.3,50,,,,,,
,,,,,,,,,,,,,,,,,,,,,,,,,,,,,,,
players,Jericho,Sims,C,27,208,249,16,45,1.3,7.8,0.62,6.6,0.57,4.4,0.28,0.8,35,3.1,35,7.6,51,37,1.4,0.3,50,,,,,,
,,,,,,,,,,,,,,,,,,,,,,,,,,,,,,,
players,Gary,Trent Jr.,SG,27,196,202,16,45,2.5,8.4,0.84,6.7,0.66,5.9,0.44,0.8,35,1.5,43,0.7,77,37,0.5,1.8,50,,,,,,
,,,,,,,,,,,,,,,,,,,,,,,,,,,,,,,
players,Myles,Turner,C,30,211,249,16,63,3.9,4.0,0.74,11.3,0.56,7.3,0.42,2.6,68,4.6,76,8.4,81,72,2.0,1.9,69,,,,,,
,,,,,,,,,,,,,,,,,,,,,,,,,,,,,,,
,,,,,,,,,,,,,,,,,,,,,,,,,,,,,,,
,,,,,,,,,,,,,,,,,,,,,,,,,,,,,,,
,,,,,,,,,,,,,,,,,,,,,,,,,,,,,,,
,,,,,,,,,,,,,,,,,,,,,,,,,,,,,,,
players,Kyle,Anderson,PF,32,202,229,17,45,3.9,4.4,0.73,8.6,0.54,3.5,0.29,0.8,45,2.9,42,1.3,60,55,1.5,1.2,50,,,,,,
,,,,,,,,,,,,,,,,,,,,,,,,,,,,,,,
players,Joan,Beringer,C,19,211,229,17,53,3.8,3.2,0.73,3.4,0.51,2.5,0.28,3.4,45,3.2,46,8.7,50,55,1.6,1.9,50,R,,,,,
,,,,,,,,,,,,,,,,,,,,,,,,,,,,,,,
players,Jaylen,Clark,SG,24,196,202,17,45,2.5,5.1,0.73,9.2,0.48,0.7,0.31,3.0,35,3.9,42,1.2,80,39,2.2,2.3,50,,,,,,
,,,,,,,,,,,,,,,,,,,,,,,,,,,,,,,
players,Mike,Conley,PG,38,185,174,17,45,1.3,1.6,0.84,6.4,0.52,1.6,0.29,1.1,35,7.6,35,1.8,65,37,0.6,1.6,50,,,,,,
,,,,,,,,,,,,,,,,,,,,,,,,,,,,,,,
players,Donte,DiVincenzo,SG,29,193,202,17,51,2.9,8.4,0.89,8.8,0.47,5.8,0.41,2.6,52,6.8,59,6.3,69,59,1.8,1.5,55,,,,,,
,,,,,,,,,,,,,,,,,,,,,,,,,,,,,,,
players,Ayo,Dosunmu,PG,26,193,198,17,51,3.4,1.6,0.84,9.1,0.45,6.9,0.32,2.6,52,6.1,52,0.7,53,63,1.3,0.6,50,,,,,,
,,,,,,,,,,,,,,,,,,,,,,,,,,,,,,,
players,Anthony,Edwards,SG,24,193,224,17,92,1.9,2.4,0.73,10.9,0.49,7.7,0.35,0.8,88,7.9,85,7.9,52,90,0.4,0.9,90,,,,,,
,,,,,,,,,,,,,,,,,,,,,,,,,,,,,,,
players,Rudy,Gobert,C,33,216,257,17,62,4.3,7.8,0.65,8.3,0.63,7.4,0.44,3.0,68,6.1,70,3.0,85,79,2.2,1.7,71,,,,,,
,,,,,,,,,,,,,,,,,,,,,,,,,,,,,,,
players,Bones,Hyland,PG,25,188,167,17,45,4.2,2.9,0.82,7.8,0.46,4.1,0.35,2.6,35,3.1,39,3.1,75,46,0.4,2.1,50,,,,,,
,,,,,,,,,,,,,,,,,,,,,,,,,,,,,,,
players,Joe,Ingles,SF,38,202,218,17,45,1.9,7.5,0.92,4.3,0.5,6.4,0.39,1.8,35,5.1,38,2.8,75,44,1.1,0.0,50,,,,,,
,,,,,,,,,,,,,,,,,,,,,,,,,,,,,,,
players,Jaden,McDaniels,SF,25,206,182,17,73,1.5,3.4,0.9,8.3,0.59,2.5,0.44,1.2,68,4.3,72,3.0,55,80,0.8,1.9,75,,,,,,
,,,,,,,,,,,,,,,,,,,,,,,,,,,,,,,
players,Julian,Phillips,SG,22,198,196,17,45,1.9,8.3,0.74,7.4,0.51,5.0,0.31,2.1,35,3.3,35,4.3,46,42,0.4,2.4,50,,,,,,
,,,,,,,,,,,,,,,,,,,,,,,,,,,,,,,
players,Julius,Randle,PF,31,206,249,17,66,3.4,3.1,0.83,8.7,0.6,2.4,0.38,1.6,68,5.8,76,5.5,67,72,1.2,2.1,70,,,,,,
,,,,,,,,,,,,,,,,,,,,,,,,,,,,,,,
players,Naz,Reid,C,26,206,262,17,69,4.5,2.5,0.79,6.7,0.53,1.4,0.29,3.4,60,8.3,55,8.4,52,65,2.1,2.0,55,,,,,,
,,,,,,,,,,,,,,,,,,,,,,,,,,,,,,,
players,Terrence,Shannon Jr.,SG,25,198,213,17,45,3.9,3.2,0.74,6.6,0.64,7.6,0.4,0.7,52,4.2,60,5.7,65,55,1.0,1.0,60,,,,,,
,,,,,,,,,,,,,,,,,,,,,,,,,,,,,,,
,,,,,,,,,,,,,,,,,,,,,,,,,,,,,,,
,,,,,,,,,,,,,,,,,,,,,,,,,,,,,,,
,,,,,,,,,,,,,,,,,,,,,,,,,,,,,,,
,,,,,,,,,,,,,,,,,,,,,,,,,,,,,,,
players,Alex,Caruso,PG,32,196,185,17,47,4.1,6.6,0.92,5.9,0.45,6.0,0.43,2.8,52,5.0,58,1.7,52,57,0.6,0.4,56,,,,,,
,,,,,,,,,,,,,,,,,,,,,,,,,,,,,,,
players,Luguentz,Dort,SG,27,193,218,17,68,3.2,8.4,0.85,8.5,0.45,6.0,0.3,2.1,60,5.7,54,4.4,59,66,1.0,0.6,59,,,,,,
,,,,,,,,,,,,,,,,,,,,,,,,,,,,,,,
players,Shai,Gilgeous-Alexander,PG,27,198,194,17,86,2.4,3.8,0.8,4.5,0.53,0.7,0.35,2.3,88,1.3,92,5.2,48,98,0.3,0.1,93,,,,,,
,,,,,,,,,,,,,,,,,,,,,,,,,,,,,,,
players,Isaiah,Hartenstein,C,28,213,249,17,70,3.8,3.5,0.84,10.0,0.67,5.7,0.38,3.4,68,3.4,61,1.2,69,71,1.7,0.3,73,,,,,,
,,,,,,,,,,,,,,,,,,,,,,,,,,,,,,,
players,Chet,Holmgren,PF,24,216,207,17,83,1.3,3.0,0.87,9.0,0.48,8.4,0.39,1.1,78,3.5,86,6.9,67,82,0.5,2.4,78,,,,,,
,,,,,,,,,,,,,,,,,,,,,,,,,,,,,,,
players,Isaiah,Joe,SG,26,193,163,17,45,1.1,5.0,0.68,11.7,0.5,1.2,0.35,1.9,45,8.4,46,1.0,81,51,0.5,0.7,55,,,,,,
,,,,,,,,,,,,,,,,,,,,,,,,,,,,,,,
players,Jared,McCain,SG,22,191,194,17,46,2.8,6.7,0.87,8.1,0.47,5.9,0.41,1.8,52,3.3,45,3.6,49,61,0.9,0.2,61,,,,,,
,,,,,,,,,,,,,,,,,,,,,,,,,,,,,,,
players,Ajay,Mitchell,SG,23,193,189,17,47,1.3,2.7,0.72,8.6,0.67,0.8,0.33,3.1,52,7.4,51,7.5,56,54,1.7,0.2,60,,,,,,
,,,,,,,,,,,,,,,,,,,,,,,,,,,,,,,
players,Thomas,Sorber,C,20,206,249,17,45,4.1,7.1,0.67,11.3,0.66,4.2,0.4,0.7,35,6.5,41,2.0,62,40,1.6,0.3,50,R,,,,,
,,,,,,,,,,,,,,,,,,,,,,,,,,,,,,,
players,Nikola,Topic,SF,20,198,198,17,48,2.3,5.5,0.83,4.6,0.63,1.1,0.32,3.0,45,3.7,49,2.4,46,47,0.6,1.0,50,R,,,,,
,,,,,,,,,,,,,,,,,,,,,,,,,,,,,,,
players,Cason,Wallace,SG,22,191,194,17,54,3.0,3.7,0.67,7.0,0.63,2.7,0.35,1.2,45,2.6,53,2.8,48,57,0.9,2.1,53,,,,,,
,,,,,,,,,,,,,,,,,,,,,,,,,,,,,,,
players,Aaron,Wiggins,SF,27,196,189,17,49,3.3,4.4,0.65,7.6,0.47,4.6,0.4,1.9,45,3.7,42,4.7,66,51,1.7,0.1,52,,,,,,
,,,,,,,,,,,,,,,,,,,,,,,,,,,,,,,
players,Jalen,Williams,SG,25,196,209,17,78,2.3,4.8,0.66,3.7,0.6,2.5,0.33,0.4,78,8.2,86,7.5,70,88,0.5,0.2,85,,,,,,
,,,,,,,,,,,,,,,,,,,,,,,,,,,,,,,
players,Jaylin,Williams,C,23,206,238,17,53,1.8,4.4,0.84,4.4,0.53,5.8,0.3,2.5,45,7.6,53,4.4,53,53,0.6,2.0,50,,,,,,
,,,,,,,,,,,,,,,,,,,,,,,,,,,,,,,
players,Kenrich,Williams,PF,31,200,209,17,45,4.2,4.6,0.77,3.5,0.6,0.4,0.36,1.5,35,3.3,41,6.0,83,39,1.8,2.2,50,,,,,,
,,,,,,,,,,,,,,,,,,,,,,,,,,,,,,,
,,,,,,,,,,,,,,,,,,,,,,,,,,,,,,,
,,,,,,,,,,,,,,,,,,,,,,,,,,,,,,,
,,,,,,,,,,,,,,,,,,,,,,,,,,,,,,,
,,,,,,,,,,,,,,,,,,,,,,,,,,,,,,,
players,Saddiq,Bey,SF,27,202,213,18,46,1.9,8.1,0.81,3.4,0.45,1.0,0.35,2.3,45,4.6,37,6.3,64,53,0.8,1.4,50,,,,,,
,,,,,,,,,,,,,,,,,,,,,,,,,,,,,,,
players,Jeremiah,Fears,PG,19,191,189,18,45,2.8,5.0,0.89,7.4,0.6,2.9,0.32,1.8,45,1.0,37,2.4,74,50,1.7,2.1,50,R,,,,,
,,,,,,,,,,,,,,,,,,,,,,,,,,,,,,,
players,Jordan,Hawkins,SG,24,196,189,18,45,3.3,7.4,0.67,6.7,0.67,5.1,0.33,2.0,35,5.5,35,8.4,83,44,1.5,0.7,50,,,,,,
,,,,,,,,,,,,,,,,,,,,,,,,,,,,,,,
players,Herbert,Jones,SF,27,200,205,18,45,1.2,6.8,0.82,9.4,0.63,4.0,0.33,1.0,52,7.3,44,5.2,58,56,1.2,2.3,50,,,,,,
,,,,,,,,,,,,,,,,,,,,,,,,,,,,,,,
players,DeAndre,Jordan,C,37,211,264,18,45,1.8,7.8,0.9,6.7,0.65,6.5,0.41,0.3,35,2.4,35,5.8,57,39,0.6,1.8,50,,,,,,
,,,,,,,,,,,,,,,,,,,,,,,,,,,,,,,
players,Kevon,Looney,PF,30,206,220,18,45,1.5,3.9,0.82,10.6,0.57,7.8,0.37,2.0,35,7.2,41,7.2,72,40,0.4,2.3,50,,,,,,
,,,,,,,,,,,,,,,,,,,,,,,,,,,,,,,
players,Karlo,Matkovic,PF,25,208,229,18,45,2.5,6.7,0.73,4.5,0.58,3.8,0.33,3.0,35,4.4,36,7.7,49,37,0.9,0.9,50,,,,,,
,,,,,,,,,,,,,,,,,,,,,,,,,,,,,,,
players,Bryce,McGowens,SG,23,198,189,18,45,2.5,2.5,0.64,11.9,0.59,3.6,0.36,2.6,35,1.2,35,2.0,55,38,2.1,0.7,50,,,,,,
,,,,,,,,,,,,,,,,,,,,,,,,,,,,,,,
players,Yves,Missi,C,21,211,233,18,49,4.4,2.3,0.71,10.2,0.62,5.5,0.37,2.5,52,8.3,57,4.4,46,56,0.6,1.4,50,R,,,,,
,,,,,,,,,,,,,,,,,,,,,,,,,,,,,,,
players,Trey,Murphy III,SF,25,202,205,18,64,3.2,6.2,0.79,10.6,0.61,4.8,0.35,1.6,68,3.5,70,8.4,54,72,1.4,1.2,75,,,,,,
,,,,,,,,,,,,,,,,,,,,,,,,,,,,,,,
players,Dejounte,Murray,PG,29,193,178,18,76,4.1,5.1,0.63,4.0,0.52,5.5,0.31,1.3,68,4.3,76,5.7,70,70,0.9,0.6,71,,,,,,
,,,,,,,,,,,,,,,,,,,,,,,,,,,,,,,
players,Micah,Peavy,SF,24,200,218,18,45,4.1,3.8,0.88,9.6,0.64,4.9,0.42,3.4,35,2.3,35,8.1,45,46,2.1,2.2,50,,,,,,
,,,,,,,,,,,,,,,,,,,,,,,,,,,,,,,
players,Jordan,Poole,SG,26,193,191,18,78,1.9,3.1,0.78,7.9,0.64,7.7,0.41,1.3,68,5.4,62,2.3,66,70,2.2,1.3,74,,,,,,
,,,,,,,,,,,,,,,,,,,,,,,,,,,,,,,
players,Derik,Queen,C,21,206,249,18,46,3.4,7.0,0.71,3.6,0.63,3.0,0.39,1.1,52,8.1,48,7.4,82,63,1.1,2.4,55,R,,,,,
,,,,,,,,,,,,,,,,,,,,,,,,,,,,,,,
players,Zion,Williamson,PF,25,198,282,18,85,3.3,2.2,0.89,7.0,0.6,0.9,0.37,3.2,78,4.2,76,8.5,54,90,0.8,0.5,76,,,,,,
,,,,,,,,,,,,,,,,,,,,,,,,,,,,,,,
,,,,,,,,,,,,,,,,,,,,,,,,,,,,,,,
,,,,,,,,,,,,,,,,,,,,,,,,,,,,,,,
,,,,,,,,,,,,,,,,,,,,,,,,,,,,,,,
,,,,,,,,,,,,,,,,,,,,,,,,,,,,,,,
players,Jose,Alvarado,PG,28,183,178,19,51,2.2,4.3,0.82,10.8,0.66,3.5,0.42,2.3,45,5.6,48,8.6,52,49,0.3,0.6,50,,,,,,
,,,,,,,,,,,,,,,,,,,,,,,,,,,,,,,
players,OG,Anunoby,PF,28,200,238,19,78,3.9,5.2,0.83,5.6,0.46,5.4,0.34,0.4,68,6.9,73,8.7,80,76,1.4,1.2,72,,,,,,
,,,,,,,,,,,,,,,,,,,,,,,,,,,,,,,
players,Mikal,Bridges,SF,29,198,207,19,73,4.5,8.0,0.79,6.6,0.46,5.6,0.44,1.5,68,4.3,69,5.2,60,79,2.1,0.1,78,,,,,,
,,,,,,,,,,,,,,,,,,,,,,,,,,,,,,,
players,Jalen,Brunson,PG,29,188,189,19,83,2.8,1.7,0.77,8.6,0.63,4.3,0.3,1.0,78,3.4,82,6.8,57,85,0.9,0.7,82,,,,,,
,,,,,,,,,,,,,,,,,,,,,,,,,,,,,,,
players,Jordan,Clarkson,SG,33,196,191,19,45,1.5,4.6,0.89,9.9,0.55,7.7,0.35,0.3,52,8.0,51,5.7,51,54,0.4,2.0,50,,,,,,
,,,,,,,,,,,,,,,,,,,,,,,,,,,,,,,
players,Pacome,Dadiet,SG,20,206,209,19,45,0.8,1.5,0.64,11.2,0.5,2.3,0.41,1.0,35,4.7,35,4.6,79,39,2.0,1.1,50,R,,,,,
,,,,,,,,,,,,,,,,,,,,,,,,,,,,,,,
players,Mohamed,Diawara,SF,21,206,224,19,45,1.5,4.2,0.74,8.9,0.65,2.4,0.4,1.0,35,2.6,35,8.8,47,47,1.5,1.2,50,R,,,,,
,,,,,,,,,,,,,,,,,,,,,,,,,,,,,,,
players,Josh,Hart,SF,31,196,213,19,72,1.3,5.3,0.75,4.8,0.52,0.0,0.39,0.8,68,2.4,65,3.2,66,71,1.4,1.8,70,,,,,,
,,,,,,,,,,,,,,,,,,,,,,,,,,,,,,,
players,Ariel,Hukporti,C,24,213,244,19,45,2.0,6.7,0.82,11.3,0.6,7.4,0.36,2.6,35,2.7,35,5.0,61,39,0.8,0.9,50,,,,,,
,,,,,,,,,,,,,,,,,,,,,,,,,,,,,,,
players,Dillon,Jones,SF,24,196,233,19,45,2.1,3.3,0.84,10.8,0.5,3.0,0.39,3.1,35,5.7,38,5.9,62,42,0.3,0.1,50,,,,,,
,,,,,,,,,,,,,,,,,,,,,,,,,,,,,,,
players,Tyler,Kolek,PG,25,188,194,19,45,1.7,1.3,0.79,6.8,0.56,2.7,0.31,2.6,35,4.5,35,2.2,79,47,1.8,1.7,50,,,,,,
,,,,,,,,,,,,,,,,,,,,,,,,,,,,,,,
players,Miles,McBride,SG,25,188,194,19,48,4.5,7.8,0.76,7.7,0.66,2.4,0.38,2.9,52,2.1,51,3.8,82,59,2.1,0.6,58,,,,,,
,,,,,,,,,,,,,,,,,,,,,,,,,,,,,,,
players,Mitchell,Robinson,C,28,213,238,19,55,2.6,2.4,0.64,5.6,0.66,0.5,0.43,1.9,45,2.0,37,8.6,77,48,0.6,2.4,50,,,,,,
,,,,,,,,,,,,,,,,,,,,,,,,,,,,,,,
players,Landry,Shamet,SG,29,196,189,19,45,3.8,7.5,0.73,3.2,0.47,4.3,0.33,2.0,35,5.5,35,1.3,53,42,1.6,2.4,50,,,,,,
,,,,,,,,,,,,,,,,,,,,,,,,,,,,,,,
players,Jeremy,Sochan,PF,22,202,229,19,45,3.3,5.7,0.72,6.5,0.47,1.6,0.41,0.6,35,6.6,37,5.2,50,43,1.6,0.1,50,,,,,,
,,,,,,,,,,,,,,,,,,,,,,,,,,,,,,,
players,Karl-Anthony,Towns,C,30,213,246,19,73,1.0,7.4,0.71,9.8,0.58,4.3,0.33,0.4,78,2.9,70,8.6,49,87,0.5,1.5,76,,,,,,
,,,,,,,,,,,,,,,,,,,,,,,,,,,,,,,
,,,,,,,,,,,,,,,,,,,,,,,,,,,,,,,
,,,,,,,,,,,,,,,,,,,,,,,,,,,,,,,
,,,,,,,,,,,,,,,,,,,,,,,,,,,,,,,
,,,,,,,,,,,,,,,,,,,,,,,,,,,,,,,
players,Paolo,Banchero,PF,23,208,249,21,70,1.5,1.2,0.83,4.9,0.52,7.3,0.34,2.2,78,6.4,85,4.4,48,90,1.5,2.1,83,,,,,,
,,,,,,,,,,,,,,,,,,,,,,,,,,,,,,,
players,Desmond,Bane,SG,27,198,213,21,59,2.0,7.2,0.72,7.6,0.58,6.2,0.42,3.0,68,5.0,67,8.0,56,73,2.1,2.2,78,,,,,,
,,,,,,,,,,,,,,,,,,,,,,,,,,,,,,,
players,Goga,Bitadze,C,26,211,249,21,45,4.3,1.2,0.9,6.7,0.55,2.6,0.43,1.1,45,2.3,37,8.2,80,55,0.5,1.4,50,,,,,,
,,,,,,,,,,,,,,,,,,,,,,,,,,,,,,,
players,Anthony,Black,SG,22,200,198,21,45,3.0,5.4,0.76,9.1,0.61,2.8,0.36,0.6,45,3.5,39,5.8,52,52,1.0,2.2,50,,,,,,
,,,,,,,,,,,,,,,,,,,,,,,,,,,,,,,
players,Jevon,Carter,PG,30,183,198,21,45,4.5,4.6,0.86,5.5,0.62,1.8,0.33,3.4,35,2.1,35,3.6,56,43,0.7,1.1,50,,,,,,
,,,,,,,,,,,,,,,,,,,,,,,,,,,,,,,
players,Wendell,Carter Jr.,C,27,208,268,21,52,2.4,2.9,0.78,7.8,0.6,1.9,0.44,1.6,45,5.2,37,7.4,56,48,1.8,2.1,50,,,,,,
,,,,,,,,,,,,,,,,,,,,,,,,,,,,,,,
players,Colin,Castleton,C,25,208,249,21,45,3.2,1.4,0.86,4.1,0.62,0.5,0.43,0.6,35,1.2,35,8.8,80,44,0.5,1.9,50,,,,,,
,,,,,,,,,,,,,,,,,,,,,,,,,,,,,,,
players,Tristan,da Silva,PF,24,202,216,21,45,2.0,8.4,0.89,3.3,0.54,0.3,0.38,0.4,35,2.8,35,3.7,69,46,1.0,1.0,50,,,,,,
,,,,,,,,,,,,,,,,,,,,,,,,,,,,,,,
players,Jett,Howard,SF,22,202,213,21,45,0.9,6.0,0.86,10.5,0.65,4.3,0.4,1.6,35,6.6,37,6.3,49,38,1.2,2.2,50,,,,,,
,,,,,,,,,,,,,,,,,,,,,,,,,,,,,,,
players,Jonathan,Isaac,PF,28,208,229,21,47,3.0,5.7,0.69,5.6,0.6,7.2,0.4,1.0,45,6.9,48,6.0,57,47,1.6,1.2,50,,,,,,
,,,,,,,,,,,,,,,,,,,,,,,,,,,,,,,
players,Noah,Penda,SF,21,200,213,21,45,3.4,8.3,0.83,10.0,0.6,5.5,0.35,2.1,35,1.9,38,3.1,53,43,1.4,0.2,50,R,,,,,
,,,,,,,,,,,,,,,,,,,,,,,,,,,,,,,
players,Jase,Richardson,PG,20,185,178,21,45,3.4,8.2,0.87,3.5,0.47,7.6,0.35,3.2,35,1.2,40,3.5,63,40,1.4,1.4,50,R,,,,,
,,,,,,,,,,,,,,,,,,,,,,,,,,,,,,,
players,Jalen,Suggs,PG,24,196,202,21,53,4.5,2.8,0.67,7.2,0.6,1.1,0.39,1.3,52,2.6,48,8.0,53,64,1.5,2.1,50,,,,,,
,,,,,,,,,,,,,,,,,,,,,,,,,,,,,,,
players,Franz,Wagner,SF,24,208,218,21,70,1.1,1.9,0.73,7.7,0.46,3.4,0.43,2.7,68,7.0,69,8.9,85,76,1.6,1.6,65,,,,,,
,,,,,,,,,,,,,,,,,,,,,,,,,,,,,,,
players,Moritz,Wagner,C,29,211,244,21,45,2.0,8.5,0.81,4.9,0.57,4.1,0.31,3.5,35,3.2,35,5.2,58,42,1.1,1.3,50,,,,,,
,,,,,,,,,,,,,,,,,,,,,,,,,,,,,,,
,,,,,,,,,,,,,,,,,,,,,,,,,,,,,,,
,,,,,,,,,,,,,,,,,,,,,,,,,,,,,,,
,,,,,,,,,,,,,,,,,,,,,,,,,,,,,,,
,,,,,,,,,,,,,,,,,,,,,,,,,,,,,,,
players,Adem,Bona,C,23,208,233,22,45,4.3,2.2,0.86,10.2,0.54,0.3,0.37,0.9,35,2.2,35,5.3,61,38,1.9,0.5,50,,,,,,
,,,,,,,,,,,,,,,,,,,,,,,,,,,,,,,
players,Johni,Broome,C,23,208,233,22,45,1.3,7.3,0.78,10.5,0.47,3.7,0.38,2.8,35,2.9,35,1.6,52,37,0.8,0.9,50,,,,,,
,,,,,,,,,,,,,,,,,,,,,,,,,,,,,,,
players,Andre,Drummond,C,32,211,277,22,55,2.3,2.4,0.69,7.3,0.5,5.5,0.39,0.9,45,5.1,50,5.4,84,52,1.3,2.4,50,,,,,,
,,,,,,,,,,,,,,,,,,,,,,,,,,,,,,,
players,VJ,Edgecombe,SG,20,193,178,22,46,3.4,7.8,0.87,7.6,0.62,2.9,0.31,0.9,52,3.6,58,3.4,70,55,0.6,0.8,54,R,,,,,
,,,,,,,,,,,,,,,,,,,,,,,,,,,,,,,
players,Justin,Edwards,SF,22,200,202,22,45,1.3,4.8,0.84,11.2,0.45,4.3,0.38,1.8,35,7.0,37,1.6,55,41,0.7,0.7,50,,,,,,
,,,,,,,,,,,,,,,,,,,,,,,,,,,,,,,
players,Joel,Embiid,C,32,213,279,22,66,1.0,6.2,0.72,11.1,0.59,5.3,0.42,3.4,68,1.8,66,7.3,69,74,1.9,0.3,71,,,,,,
,,,,,,,,,,,,,,,,,,,,,,,,,,,,,,,
players,Paul,George,SF,36,202,218,22,65,1.3,3.2,0.65,8.2,0.54,1.8,0.36,2.7,60,3.4,52,8.4,67,70,1.4,0.3,61,,,,,,
,,,,,,,,,,,,,,,,,,,,,,,,,,,,,,,
players,Quentin,Grimes,SG,25,193,209,22,51,3.9,3.5,0.91,6.8,0.5,5.6,0.42,0.4,45,2.1,53,5.0,75,53,1.4,1.4,55,,,,,,
,,,,,,,,,,,,,,,,,,,,,,,,,,,,,,,
players,Kyle,Lowry,PG,40,183,194,22,45,3.5,2.8,0.91,8.2,0.61,2.4,0.29,1.0,35,3.1,41,4.1,71,38,0.6,2.5,50,,,,,,
,,,,,,,,,,,,,,,,,,,,,,,,,,,,,,,
players,Tyrese,Maxey,PG,25,188,198,22,80,1.0,3.2,0.71,8.6,0.51,2.8,0.29,3.1,78,3.4,83,8.9,57,85,0.3,2.1,88,,,,,,
,,,,,,,,,,,,,,,,,,,,,,,,,,,,,,,
players,Kelly,Oubre Jr.,PF,30,202,202,22,50,1.5,4.9,0.73,10.3,0.53,8.0,0.33,2.0,52,1.5,59,4.1,69,58,1.1,0.9,50,,,,,,
,,,,,,,,,,,,,,,,,,,,,,,,,,,,,,,
players,Dalen,Terry,SG,23,198,194,22,45,1.4,1.6,0.74,4.8,0.6,2.4,0.28,0.5,35,7.1,35,8.6,64,47,1.1,1.5,50,,,,,,
,,,,,,,,,,,,,,,,,,,,,,,,,,,,,,,
players,Jabari,Walker,PF,23,200,235,22,45,3.0,3.4,0.8,7.5,0.53,5.1,0.37,1.1,35,8.0,43,8.1,49,45,1.3,0.4,50,,,,,,
,,,,,,,,,,,,,,,,,,,,,,,,,,,,,,,
players,Trendon,Watford,PF,25,202,235,22,45,2.3,4.2,0.87,9.2,0.51,5.8,0.33,0.3,35,7.1,35,1.4,60,45,1.0,0.8,50,,,,,,
,,,,,,,,,,,,,,,,,,,,,,,,,,,,,,,
,,,,,,,,,,,,,,,,,,,,,,,,,,,,,,,
,,,,,,,,,,,,,,,,,,,,,,,,,,,,,,,
,,,,,,,,,,,,,,,,,,,,,,,,,,,,,,,
,,,,,,,,,,,,,,,,,,,,,,,,,,,,,,,
players,Grayson,Allen,SG,30,191,196,23,45,3.6,2.7,0.66,3.5,0.67,3.0,0.34,1.0,45,3.1,52,5.1,65,51,0.9,0.2,51,,,,,,
,,,,,,,,,,,,,,,,,,,,,,,,,,,,,,,
players,Devin,Booker,PG,29,196,205,23,84,3.7,7.0,0.64,7.1,0.47,5.2,0.36,0.5,78,2.4,76,4.2,45,82,1.0,2.2,82,,,,,,
,,,,,,,,,,,,,,,,,,,,,,,,,,,,,,,
players,Jamaree,Bouyea,PG,26,188,178,23,45,2.9,6.9,0.87,4.0,0.57,2.6,0.44,1.5,35,8.1,35,1.4,79,40,1.6,2.0,50,,,,,,
,,,,,,,,,,,,,,,,,,,,,,,,,,,,,,,
players,Dillon,Brooks,SF,30,200,224,23,70,3.2,1.2,0.9,10.6,0.47,7.7,0.42,3.0,68,8.1,71,6.0,66,71,0.5,1.7,78,,,,,,
,,,,,,,,,,,,,,,,,,,,,,,,,,,,,,,
players,Amir,Coffey,SG,28,200,209,23,45,4.4,1.8,0.81,9.6,0.46,7.8,0.42,0.8,35,4.6,40,3.4,85,44,2.2,1.7,50,,,,,,
,,,,,,,,,,,,,,,,,,,,,,,,,,,,,,,
players,Ryan,Dunn,SF,23,200,213,23,45,1.6,5.1,0.64,11.8,0.58,8.0,0.35,3.0,35,4.8,35,1.9,56,37,1.8,1.3,50,,,,,,
,,,,,,,,,,,,,,,,,,,,,,,,,,,,,,,
players,Rasheer,Fleming,PF,21,206,238,23,45,3.6,4.8,0.66,6.8,0.57,3.5,0.41,0.7,35,1.5,39,8.9,45,40,0.5,0.5,50,R,,,,,
,,,,,,,,,,,,,,,,,,,,,,,,,,,,,,,
players,Collin,Gillespie,PG,26,185,194,23,45,2.7,3.6,0.89,3.1,0.48,5.6,0.37,0.3,35,4.9,42,6.3,59,46,1.7,1.9,50,,,,,,
,,,,,,,,,,,,,,,,,,,,,,,,,,,,,,,
players,Jordan,Goodwin,PG,27,191,213,23,45,1.3,5.0,0.86,11.7,0.48,4.8,0.3,1.9,35,1.1,38,8.3,59,44,1.5,0.5,50,,,,,,
,,,,,,,,,,,,,,,,,,,,,,,,,,,,,,,
players,Jalen,Green,SG,24,193,185,23,75,4.3,4.0,0.68,7.0,0.61,1.3,0.43,2.2,68,4.1,71,3.8,77,73,1.0,1.8,69,,,,,,
,,,,,,,,,,,,,,,,,,,,,,,,,,,,,,,
players,Haywood,Highsmith,SF,29,196,218,23,45,2.8,2.5,0.79,10.0,0.49,4.0,0.32,2.3,35,2.0,41,3.1,70,42,1.6,0.7,50,,,,,,
,,,,,,,,,,,,,,,,,,,,,,,,,,,,,,,
players,Oso,Ighodaro,PF,23,211,233,23,45,1.5,3.5,0.85,9.4,0.56,0.6,0.36,2.2,35,1.9,35,7.2,80,45,1.5,0.6,50,,,,,,
,,,,,,,,,,,,,,,,,,,,,,,,,,,,,,,
players,Khaman,Maluach,C,19,216,249,23,45,4.3,7.5,0.87,11.8,0.55,7.9,0.37,1.0,45,6.8,41,5.0,59,55,0.8,0.1,50,R,,,,,
,,,,,,,,,,,,,,,,,,,,,,,,,,,,,,,
players,Royce,O'Neale,SF,32,198,224,23,45,2.3,4.2,0.65,10.6,0.49,2.9,0.41,0.4,45,8.5,45,0.9,83,48,0.9,2.0,55,,,,,,
,,,,,,,,,,,,,,,,,,,,,,,,,,,,,,,
players,Mark,Williams,C,24,216,238,23,51,1.2,3.2,0.87,10.2,0.63,4.2,0.41,0.7,52,1.1,45,7.1,65,63,1.4,2.0,56,,,,,,
,,,,,,,,,,,,,,,,,,,,,,,,,,,,,,,
,,,,,,,,,,,,,,,,,,,,,,,,,,,,,,,
,,,,,,,,,,,,,,,,,,,,,,,,,,,,,,,
,,,,,,,,,,,,,,,,,,,,,,,,,,,,,,,
,,,,,,,,,,,,,,,,,,,,,,,,,,,,,,,
players,Deni,Avdija,SF,25,202,227,24,84,3.0,6.2,0.64,11.5,0.57,1.3,0.31,3.2,78,1.8,81,8.7,62,86,2.2,2.5,75,,,,,,
,,,,,,,,,,,,,,,,,,,,,,,,,,,,,,,
players,Toumani,Camara,PF,25,200,229,24,64,2.2,2.8,0.81,8.5,0.65,8.3,0.43,1.9,60,3.9,55,5.1,60,69,1.5,0.1,57,,,,,,
,,,,,,,,,,,,,,,,,,,,,,,,,,,,,,,
players,Sidy,Cissoko,SF,22,198,218,24,45,2.1,1.3,0.77,3.9,0.62,3.9,0.43,2.3,35,3.4,35,7.5,64,43,0.5,1.3,50,,,,,,
,,,,,,,,,,,,,,,,,,,,,,,,,,,,,,,
players,Donovan,Clingan,C,22,218,279,24,46,1.2,5.5,0.79,5.7,0.65,2.6,0.36,2.7,45,3.1,41,7.8,81,57,0.4,1.6,50,,,,,,
,,,,,,,,,,,,,,,,,,,,,,,,,,,,,,,
players,Jerami,Grant,PF,32,200,211,24,56,3.7,6.4,0.76,4.5,0.49,2.3,0.38,1.0,60,4.3,63,6.3,67,67,0.8,1.0,64,,,,,,
,,,,,,,,,,,,,,,,,,,,,,,,,,,,,,,
players,Yang,Hansen,C,20,216,268,24,45,0.9,1.1,0.77,11.7,0.62,6.0,0.3,3.2,45,2.8,47,3.6,61,47,0.7,0.4,54,R,,,,,
,,,,,,,,,,,,,,,,,,,,,,,,,,,,,,,
players,Scoot,Henderson,SG,22,191,205,24,46,3.0,6.5,0.83,6.5,0.54,4.8,0.41,1.0,52,1.7,48,4.2,70,56,1.9,1.5,57,,,,,,
,,,,,,,,,,,,,,,,,,,,,,,,,,,,,,,
players,Jrue,Holiday,PG,35,193,218,24,59,3.5,5.3,0.86,11.3,0.6,2.8,0.35,0.6,68,4.5,60,8.7,84,79,1.2,0.5,68,,,,,,
,,,,,,,,,,,,,,,,,,,,,,,,,,,,,,,
players,Vit,Krejci,SF,25,202,194,24,45,3.5,5.4,0.91,11.4,0.56,1.4,0.3,2.7,35,5.4,38,4.1,54,42,2.1,0.1,50,,,,,,
,,,,,,,,,,,,,,,,,,,,,,,,,,,,,,,
players,Damian,Lillard,PG,35,188,198,24,77,1.0,5.0,0.86,9.8,0.6,3.8,0.43,1.2,78,6.4,85,7.0,65,83,2.0,2.4,73,,,,,,
,,,,,,,,,,,,,,,,,,,,,,,,,,,,,,,
players,Kris,Murray,PF,25,202,216,24,45,3.0,2.3,0.68,11.1,0.62,5.0,0.43,2.7,35,4.7,35,4.5,78,46,0.4,1.0,50,,,,,,
,,,,,,,,,,,,,,,,,,,,,,,,,,,,,,,
players,Shaedon,Sharpe,SG,22,196,209,24,58,2.7,5.0,0.76,10.0,0.48,7.5,0.34,1.5,60,1.8,52,6.5,70,64,2.0,0.3,59,,,,,,
,,,,,,,,,,,,,,,,,,,,,,,,,,,,,,,
players,Matisse,Thybulle,SF,29,196,200,24,56,1.9,6.2,0.88,7.1,0.47,3.7,0.42,0.5,52,4.7,45,3.0,71,63,1.5,1.2,53,,,,,,
,,,,,,,,,,,,,,,,,,,,,,,,,,,,,,,
players,Blake,Wesley,SG,23,193,189,24,45,3.0,3.0,0.66,5.8,0.51,6.6,0.37,2.3,35,3.8,35,2.2,80,44,1.6,0.1,50,,,,,,
,,,,,,,,,,,,,,,,,,,,,,,,,,,,,,,
players,Robert,Williams III,C,28,206,246,24,52,3.9,3.1,0.78,7.7,0.5,5.6,0.37,3.4,45,4.4,41,5.8,65,56,0.9,1.7,50,,,,,,
,,,,,,,,,,,,,,,,,,,,,,,,,,,,,,,
,,,,,,,,,,,,,,,,,,,,,,,,,,,,,,,
,,,,,,,,,,,,,,,,,,,,,,,,,,,,,,,
,,,,,,,,,,,,,,,,,,,,,,,,,,,,,,,
,,,,,,,,,,,,,,,,,,,,,,,,,,,,,,,
players,Precious,Achiuwa,PF,26,202,242,25,45,1.3,2.3,0.69,4.4,0.62,3.4,0.39,1.4,35,8.1,35,6.6,51,46,0.9,0.7,50,,,,,,
,,,,,,,,,,,,,,,,,,,,,,,,,,,,,,,
players,Patrick,Baldwin Jr.,SG,23,206,218,25,45,4.4,3.0,0.78,9.2,0.5,6.7,0.37,1.0,35,5.2,35,7.8,63,42,1.4,1.8,50,,,,,,
,,,,,,,,,,,,,,,,,,,,,,,,,,,,,,,
players,Dylan,Cardwell,C,24,208,253,25,45,2.9,4.3,0.73,4.9,0.62,1.8,0.4,1.4,35,3.7,35,5.4,47,39,1.5,1.2,50,,,,,,
,,,,,,,,,,,,,,,,,,,,,,,,,,,,,,,
players,Devin,Carter,SG,24,188,194,25,45,4.2,3.3,0.87,3.1,0.57,1.5,0.35,1.1,35,7.6,35,2.9,71,37,0.9,1.9,50,,,,,,
,,,,,,,,,,,,,,,,,,,,,,,,,,,,,,,
players,Nique,Clifford,PG,24,196,174,25,45,2.6,4.0,0.8,10.0,0.55,4.6,0.36,1.3,35,5.2,40,3.5,70,40,0.9,2.3,50,,,,,,
,,,,,,,,,,,,,,,,,,,,,,,,,,,,,,,
players,DeMar,DeRozan,SF,36,198,218,25,75,1.6,2.9,0.68,3.0,0.54,7.8,0.42,2.1,68,6.5,68,6.1,70,74,1.7,2.4,68,,,,,,
,,,,,,,,,,,,,,,,,,,,,,,,,,,,,,,
players,Drew,Eubanks,PF,29,208,244,25,45,2.8,8.0,0.73,4.3,0.61,8.0,0.3,3.1,35,6.6,38,1.7,52,38,0.7,2.3,50,,,,,,
,,,,,,,,,,,,,,,,,,,,,,,,,,,,,,,
players,Killian,Hayes,PG,24,193,194,25,45,3.0,8.5,0.89,9.5,0.53,2.5,0.32,0.8,35,1.9,35,5.9,68,47,1.7,0.4,50,,,,,,
,,,,,,,,,,,,,,,,,,,,,,,,,,,,,,,
players,De'Andre,Hunter,SF,28,200,220,25,53,0.8,7.8,0.79,3.3,0.62,6.1,0.35,1.5,52,2.0,60,8.6,63,63,1.1,1.8,52,,,,,,
,,,,,,,,,,,,,,,,,,,,,,,,,,,,,,,
players,Zach,LaVine,SG,31,196,198,25,77,3.2,8.1,0.7,5.6,0.55,4.3,0.42,0.9,68,4.5,67,8.9,82,72,1.1,0.3,76,,,,,,
,,,,,,,,,,,,,,,,,,,,,,,,,,,,,,,
players,Doug,McDermott,PF,34,200,224,25,45,2.0,6.5,0.74,6.0,0.58,7.3,0.41,2.1,35,8.1,36,3.8,45,41,0.9,1.6,50,,,,,,
,,,,,,,,,,,,,,,,,,,,,,,,,,,,,,,
players,Malik,Monk,PG,28,191,198,25,45,1.3,7.8,0.83,9.8,0.67,4.7,0.28,1.4,52,3.6,51,4.2,63,62,1.0,2.1,50,,,,,,
,,,,,,,,,,,,,,,,,,,,,,,,,,,,,,,
players,Keegan,Murray,PF,25,202,224,25,57,1.9,7.4,0.72,7.2,0.58,3.4,0.4,0.8,52,1.7,57,8.3,82,62,1.8,0.7,55,,,,,,
,,,,,,,,,,,,,,,,,,,,,,,,,,,,,,,
players,Maxime,Raynaud,C,23,216,249,25,45,2.4,7.3,0.88,11.2,0.58,6.7,0.29,0.6,35,8.2,36,7.8,80,47,1.1,0.9,50,,,,,,
,,,,,,,,,,,,,,,,,,,,,,,,,,,,,,,
players,Domantas,Sabonis,C,30,208,238,25,83,2.7,8.4,0.69,9.6,0.66,2.3,0.41,3.4,78,6.0,77,6.1,82,85,0.8,0.4,76,,,,,,
,,,,,,,,,,,,,,,,,,,,,,,,,,,,,,,
players,Russell,Westbrook,PG,37,193,198,25,61,3.9,7.8,0.82,5.1,0.45,5.8,0.3,3.5,60,1.7,53,2.7,67,69,1.6,2.2,69,,,,,,
,,,,,,,,,,,,,,,,,,,,,,,,,,,,,,,
players,Harrison,Barnes,SF,33,200,224,26,45,4.1,8.4,0.7,6.6,0.53,5.1,0.31,2.5,45,4.6,49,7.7,57,47,1.3,0.3,50,,,,,,
,,,,,,,,,,,,,,,,,,,,,,,,,,,,,,,
players,Bismack,Biyombo,C,33,202,253,26,45,4.0,5.1,0.68,3.9,0.52,1.2,0.38,1.2,35,2.4,40,5.0,75,37,0.4,1.5,50,,,,,,
,,,,,,,,,,,,,,,,,,,,,,,,,,,,,,,
players,Carter,Bryant,SF,20,198,218,26,45,1.1,8.3,0.68,8.3,0.66,3.1,0.43,2.2,35,6.5,41,3.5,81,39,1.9,1.3,50,R,,,,,
,,,,,,,,,,,,,,,,,,,,,,,,,,,,,,,
,,,,,,,,,,,,,,,,,,,,,,,,,,,,,,,
,,,,,,,,,,,,,,,,,,,,,,,,,,,,,,,
,,,,,,,,,,,,,,,,,,,,,,,,,,,,,,,
,,,,,,,,,,,,,,,,,,,,,,,,,,,,,,,
players,Stephon,Castle,SG,21,198,213,26,66,4.3,6.3,0.8,9.1,0.49,1.9,0.34,2.6,68,5.9,63,3.0,54,74,2.2,0.5,73,R,,,,,
,,,,,,,,,,,,,,,,,,,,,,,,,,,,,,,
players,Julian,Champagnie,SF,24,200,216,26,50,2.4,3.5,0.81,4.0,0.47,7.0,0.43,2.9,52,2.0,45,3.7,54,59,1.9,1.9,54,,,,,,
,,,,,,,,,,,,,,,,,,,,,,,,,,,,,,,
players,De'Aaron,Fox,PG,28,191,182,26,65,3.4,1.2,0.83,4.6,0.52,0.3,0.3,1.1,68,6.0,76,1.4,52,73,0.9,0.4,71,,,,,,
,,,,,,,,,,,,,,,,,,,,,,,,,,,,,,,
players,Dylan,Harper,PG,20,196,213,26,51,0.8,7.1,0.72,8.1,0.53,0.4,0.37,1.7,52,8.2,49,1.1,48,63,0.5,1.3,50,R,,,,,
,,,,,,,,,,,,,,,,,,,,,,,,,,,,,,,
players,Keldon,Johnson,SF,26,196,218,26,54,4.2,4.9,0.65,5.7,0.47,2.7,0.35,2.7,52,7.3,60,7.2,51,60,0.9,0.1,52,,,,,,
,,,,,,,,,,,,,,,,,,,,,,,,,,,,,,,
players,Luke,Kornet,C,30,216,249,26,45,1.1,7.4,0.79,5.3,0.64,5.0,0.43,0.7,45,4.0,48,7.4,70,50,0.9,1.7,55,,,,,,
,,,,,,,,,,,,,,,,,,,,,,,,,,,,,,,
players,Jordan,McLaughlin,PG,30,183,182,26,45,3.0,2.2,0.9,11.6,0.66,7.8,0.42,1.5,35,6.1,43,7.9,83,47,1.2,2.0,50,,,,,,
,,,,,,,,,,,,,,,,,,,,,,,,,,,,,,,
players,Kelly,Olynyk,PF,35,213,238,26,45,2.6,4.9,0.89,11.7,0.63,1.0,0.34,2.9,45,7.0,40,1.5,60,53,1.6,2.1,55,,,,,,
,,,,,,,,,,,,,,,,,,,,,,,,,,,,,,,
players,Mason,Plumlee,C,36,213,253,26,45,2.1,1.6,0.81,7.4,0.47,0.9,0.39,2.1,35,3.2,39,3.2,53,41,0.4,1.8,50,,,,,,
,,,,,,,,,,,,,,,,,,,,,,,,,,,,,,,
players,Devin,Vassell,SG,25,196,198,26,45,3.2,3.9,0.67,5.0,0.46,3.3,0.39,1.6,45,7.8,49,0.8,48,52,1.5,0.2,50,,,,,,
,,,,,,,,,,,,,,,,,,,,,,,,,,,,,,,
players,Lindy,Waters III,SG,28,196,209,26,45,1.4,8.1,0.81,11.2,0.53,1.9,0.39,2.9,35,3.4,35,8.7,83,38,0.6,0.6,50,,,,,,
,,,,,,,,,,,,,,,,,,,,,,,,,,,,,,,
players,Victor,Wembanyama,C,22,224,233,26,84,2.9,5.9,0.75,4.8,0.59,2.0,0.42,1.8,88,6.9,82,6.6,63,92,1.4,1.5,90,,,,,,
,,,,,,,,,,,,,,,,,,,,,,,,,,,,,,,
,,,,,,,,,,,,,,,,,,,,,,,,,,,,,,,
,,,,,,,,,,,,,,,,,,,,,,,,,,,,,,,
,,,,,,,,,,,,,,,,,,,,,,,,,,,,,,,
,,,,,,,,,,,,,,,,,,,,,,,,,,,,,,,
players,Scottie,Barnes,PF,24,202,235,27,73,3.7,7.9,0.89,5.8,0.46,7.9,0.34,1.2,78,8.1,82,4.7,61,86,1.2,2.2,82,,,,,,
,,,,,,,,,,,,,,,,,,,,,,,,,,,,,,,
players,RJ,Barrett,SG,25,198,213,27,71,1.0,5.4,0.84,8.9,0.48,4.6,0.39,3.3,68,7.5,73,6.4,70,78,1.8,0.9,73,,,,,,
,,,,,,,,,,,,,,,,,,,,,,,,,,,,,,,
players,Jamison,Battle,SF,24,200,218,27,45,4.4,5.9,0.65,4.4,0.54,0.2,0.34,2.7,35,4.1,35,8.3,74,41,1.1,1.5,50,,,,,,
,,,,,,,,,,,,,,,,,,,,,,,,,,,,,,,
players,Gradey,Dick,SG,22,200,198,27,45,2.5,7.4,0.64,5.9,0.56,4.6,0.35,2.3,45,7.9,41,4.7,84,48,1.8,2.2,51,,,,,,
,,,,,,,,,,,,,,,,,,,,,,,,,,,,,,,
players,Brandon,Ingram,SF,28,202,189,27,62,3.7,1.1,0.87,8.8,0.64,3.2,0.34,0.8,60,2.2,67,2.2,85,64,1.2,1.3,63,,,,,,
,,,,,,,,,,,,,,,,,,,,,,,,,,,,,,,
players,Trayce,Jackson-Davis,C,26,206,244,27,45,3.7,4.1,0.68,8.6,0.57,1.6,0.43,0.6,35,3.2,35,1.6,61,44,1.4,0.3,50,,,,,,
,,,,,,,,,,,,,,,,,,,,,,,,,,,,,,,
players,A.J.,Lawson,SG,25,198,178,27,45,3.4,7.5,0.92,5.3,0.47,2.2,0.41,2.0,35,5.6,35,3.5,58,42,1.6,0.7,50,,,,,,
,,,,,,,,,,,,,,,,,,,,,,,,,,,,,,,
players,Sandro,Mamukelashvili,C,26,206,238,27,45,1.5,6.7,0.71,5.9,0.47,5.4,0.31,1.0,35,2.0,35,3.5,77,37,1.3,0.4,50,,,,,,
,,,,,,,,,,,,,,,,,,,,,,,,,,,,,,,
players,Jonathan,Mogbo,PF,24,206,224,27,45,2.7,5.1,0.9,7.7,0.56,3.4,0.28,1.5,35,5.4,35,4.7,59,43,1.6,1.3,50,,,,,,
,,,,,,,,,,,,,,,,,,,,,,,,,,,,,,,
players,Collin,Murray-Boyles,PF,20,200,244,27,45,2.7,5.5,0.86,5.6,0.58,1.8,0.43,1.4,52,6.3,54,6.8,49,59,2.1,0.9,56,R,,,,,
,,,,,,,,,,,,,,,,,,,,,,,,,,,,,,,
players,Jakob,Poeltl,C,30,213,251,27,60,1.1,6.1,0.87,3.8,0.6,5.2,0.32,2.1,52,6.3,45,1.3,77,61,1.3,0.4,52,,,,,,
,,,,,,,,,,,,,,,,,,,,,,,,,,,,,,,
players,Immanuel,Quickley,PG,26,188,189,27,55,3.7,5.4,0.81,8.1,0.6,0.7,0.45,1.6,60,1.3,59,4.8,80,70,0.7,1.9,61,,,,,,
,,,,,,,,,,,,,,,,,,,,,,,,,,,,,,,
players,Jamal,Shead,PG,23,185,198,27,53,2.3,4.7,0.8,3.0,0.58,0.8,0.29,2.8,45,5.4,38,2.7,51,52,0.8,1.3,55,,,,,,
,,,,,,,,,,,,,,,,,,,,,,,,,,,,,,,
players,Garrett,Temple,SG,39,196,194,27,45,4.1,7.6,0.86,4.6,0.66,0.8,0.37,2.9,35,4.0,35,6.0,72,41,1.1,1.4,50,,,,,,
,,,,,,,,,,,,,,,,,,,,,,,,,,,,,,,
players,Ja'Kobe,Walter,SG,21,193,178,27,45,1.9,5.3,0.76,5.5,0.49,3.5,0.31,2.0,35,3.3,35,8.6,53,45,0.6,0.5,50,R,,,,,
,,,,,,,,,,,,,,,,,,,,,,,,,,,,,,,
,,,,,,,,,,,,,,,,,,,,,,,,,,,,,,,
,,,,,,,,,,,,,,,,,,,,,,,,,,,,,,,
,,,,,,,,,,,,,,,,,,,,,,,,,,,,,,,
,,,,,,,,,,,,,,,,,,,,,,,,,,,,,,,
players,Jimmy,Butler III,SF,36,198,229,27,76,4.0,8.4,0.74,8.0,0.52,5.7,0.32,1.2,68,6.4,71,4.3,45,74,1.9,1.7,78,,,,,,
,,,,,,,,,,,,,,,,,,,,,,,,,,,,,,,
players,Seth,Curry,SG,35,185,182,27,45,4.1,4.4,0.83,3.0,0.58,3.0,0.33,1.0,35,6.0,35,6.6,72,47,0.5,1.1,50,,,,,,
,,,,,,,,,,,,,,,,,,,,,,,,,,,,,,,
players,Stephen,Curry,PG,38,188,182,27,74,3.1,2.4,0.84,7.5,0.46,3.1,0.34,2.2,78,7.5,83,4.2,77,86,2.1,0.5,74,,,,,,
,,,,,,,,,,,,,,,,,,,,,,,,,,,,,,,
players,Draymond,Green,PF,36,198,229,27,51,4.4,2.2,0.72,6.2,0.62,7.1,0.35,3.2,60,5.5,67,3.8,58,70,0.9,1.8,64,,,,,,
,,,,,,,,,,,,,,,,,,,,,,,,,,,,,,,
players,Al,Horford,C,39,202,238,27,45,2.8,4.8,0.66,10.8,0.46,3.9,0.29,1.1,35,2.0,42,2.0,64,43,1.8,2.3,50,,,,,,
,,,,,,,,,,,,,,,,,,,,,,,,,,,,,,,
players,De'Anthony,Melton,PG,27,188,198,27,52,4.2,7.8,0.87,4.1,0.54,6.9,0.41,0.6,45,4.5,50,1.1,67,53,1.1,2.0,53,,,,,,
,,,,,,,,,,,,,,,,,,,,,,,,,,,,,,,
players,Moses,Moody,SG,23,196,209,27,54,0.9,2.5,0.68,10.4,0.65,6.1,0.36,1.9,45,4.3,49,7.9,63,47,0.9,2.3,50,,,,,,
,,,,,,,,,,,,,,,,,,,,,,,,,,,,,,,
players,Gary,Payton II,SG,33,188,194,27,45,0.9,6.6,0.74,10.5,0.5,6.2,0.39,1.0,35,4.3,38,1.8,54,40,0.5,0.9,50,,,,,,
,,,,,,,,,,,,,,,,,,,,,,,,,,,,,,,
players,Brandin,Podziemski,SG,23,193,202,27,51,3.1,3.7,0.8,3.8,0.56,3.4,0.39,3.3,52,3.9,58,5.3,56,63,2.2,2.2,55,,,,,,
,,,,,,,,,,,,,,,,,,,,,,,,,,,,,,,
players,Kristaps,Porzingis,C,30,218,238,27,73,4.2,1.0,0.75,5.1,0.55,3.0,0.44,1.3,68,1.3,74,8.7,78,75,1.0,0.5,65,,,,,,
,,,,,,,,,,,,,,,,,,,,,,,,,,,,,,,
players,Quinten,Post,PF,26,213,235,27,45,4.3,3.6,0.73,8.7,0.6,4.3,0.39,0.3,35,1.4,35,7.0,61,37,1.6,0.1,50,,,,,,
,,,,,,,,,,,,,,,,,,,,,,,,,,,,,,,
players,Will,Richard,SG,23,191,205,27,45,2.3,6.5,0.64,10.0,0.49,1.8,0.42,2.8,35,7.8,42,2.4,68,40,0.5,0.6,50,,,,,,
,,,,,,,,,,,,,,,,,,,,,,,,,,,,,,,
players,Gui,Santos,PF,23,200,182,27,45,2.8,5.9,0.89,4.8,0.65,6.6,0.43,0.8,35,5.5,43,3.8,63,45,1.3,2.4,50,,,,,,
,,,,,,,,,,,,,,,,,,,,,,,,,,,,,,,
players,Pat,Spencer,PG,29,188,202,27,45,2.2,3.7,0.62,9.7,0.63,7.0,0.39,2.6,35,5.3,38,6.1,49,42,1.5,1.1,50,,,,,,
,,,,,,,,,,,,,,,,,,,,,,,,,,,,,,,
,,,,,,,,,,,,,,,,,,,,,,,,,,,,,,,
,,,,,,,,,,,,,,,,,,,,,,,,,,,,,,,
,,,,,,,,,,,,,,,,,,,,,,,,,,,,,,,
,,,,,,,,,,,,,,,,,,,,,,,,,,,,,,,
players,Nicolas,Batum,PF,37,200,229,27,45,1.5,6.1,0.9,6.0,0.57,3.2,0.42,2.3,35,2.0,42,8.7,73,40,0.8,2.3,50,,,,,,
,,,,,,,,,,,,,,,,,,,,,,,,,,,,,,,
players,Bradley,Beal,SG,32,193,205,27,52,1.6,8.1,0.86,7.9,0.49,4.6,0.35,1.1,52,3.2,55,8.9,79,55,1.6,1.8,55,,,,,,
,,,,,,,,,,,,,,,,,,,,,,,,,,,,,,,
players,Bogdan,Bogdanovic,SG,33,196,224,27,45,1.3,8.5,0.9,5.2,0.61,3.3,0.28,3.0,35,1.3,41,5.1,71,37,1.9,1.7,50,,,,,,
,,,,,,,,,,,,,,,,,,,,,,,,,,,,,,,
players,Cam,Christie,SG,20,196,189,27,45,4.1,5.7,0.82,6.9,0.49,6.6,0.34,3.3,35,2.1,41,6.9,72,46,1.0,1.7,50,R,,,,,
,,,,,,,,,,,,,,,,,,,,,,,,,,,,,,,
players,John,Collins,PF,28,206,224,27,64,3.4,5.5,0.75,5.9,0.62,3.7,0.34,2.1,60,2.5,54,3.8,46,66,0.4,1.3,60,,,,,,
,,,,,,,,,,,,,,,,,,,,,,,,,,,,,,,
players,Kris,Dunn,PG,32,191,202,27,54,1.4,5.0,0.67,10.1,0.63,2.0,0.29,1.6,52,4.7,55,8.3,74,64,2.1,2.1,54,,,,,,
,,,,,,,,,,,,,,,,,,,,,,,,,,,,,,,
players,Darius,Garland,PG,26,185,191,27,58,3.8,5.6,0.78,5.6,0.46,4.9,0.41,1.9,68,5.9,69,6.0,76,77,2.0,1.4,64,,,,,,
,,,,,,,,,,,,,,,,,,,,,,,,,,,,,,,
players,Isaiah,Jackson,C,24,202,202,27,46,1.0,5.3,0.84,7.4,0.61,0.6,0.4,1.5,45,6.3,38,7.7,54,56,1.8,2.4,55,,,,,,
,,,,,,,,,,,,,,,,,,,,,,,,,,,,,,,
players,Derrick,Jones Jr.,SF,29,198,209,27,45,2.5,4.2,0.65,6.3,0.5,2.1,0.41,2.3,45,1.5,47,0.7,67,52,1.8,0.1,50,,,,,,
,,,,,,,,,,,,,,,,,,,,,,,,,,,,,,,
players,Kawhi,Leonard,SF,34,198,224,27,80,3.8,2.6,0.64,10.3,0.57,3.7,0.37,1.8,88,6.8,82,1.7,63,95,1.2,1.7,95,,,,,,
,,,,,,,,,,,,,,,,,,,,,,,,,,,,,,,
players,Brook,Lopez,C,38,216,279,27,45,2.7,4.9,0.67,6.7,0.45,0.6,0.34,2.9,35,8.5,35,7.2,72,42,0.4,0.6,50,,,,,,
,,,,,,,,,,,,,,,,,,,,,,,,,,,,,,,
players,Bennedict,Mathurin,SF,23,196,209,27,65,1.0,6.8,0.76,4.7,0.48,0.7,0.38,1.4,68,1.4,71,6.4,76,71,1.9,1.0,70,,,,,,
,,,,,,,,,,,,,,,,,,,,,,,,,,,,,,,
players,Jordan,Miller,SF,26,196,191,27,45,1.0,1.6,0.85,3.7,0.45,1.3,0.34,1.3,35,1.4,35,5.5,76,38,1.7,0.2,50,,,,,,
,,,,,,,,,,,,,,,,,,,,,,,,,,,,,,,
players,Yanic,Konan Niederhauser,C,23,211,240,27,45,4.1,7.3,0.77,7.7,0.51,5.8,0.4,1.2,35,2.8,35,7.1,48,40,1.8,0.1,50,,,,,,
,,,,,,,,,,,,,,,,,,,,,,,,,,,,,,,
,,,,,,,,,,,,,,,,,,,,,,,,,,,,,,,
,,,,,,,,,,,,,,,,,,,,,,,,,,,,,,,
,,,,,,,,,,,,,,,,,,,,,,,,,,,,,,,
,,,,,,,,,,,,,,,,,,,,,,,,,,,,,,,
players,Deandre,Ayton,C,27,213,251,27,65,2.5,6.6,0.86,10.9,0.55,3.6,0.31,2.6,60,6.3,64,0.9,79,63,0.8,1.6,68,,,,,,
,,,,,,,,,,,,,,,,,,,,,,,,,,,,,,,
players,Luka,Doncic,PG,27,202,229,27,79,3.0,1.3,0.69,7.3,0.57,4.6,0.41,2.4,88,2.4,86,5.0,75,91,1.9,1.0,94,,,,,,
,,,,,,,,,,,,,,,,,,,,,,,,,,,,,,,
players,Rui,Hachimura,PF,28,202,229,27,53,4.1,2.8,0.86,9.2,0.52,4.3,0.3,3.5,52,7.8,49,6.6,50,63,0.5,0.1,52,,,,,,
,,,,,,,,,,,,,,,,,,,,,,,,,,,,,,,
players,Jaxson,Hayes,C,25,213,218,27,45,3.4,3.7,0.78,4.4,0.54,1.8,0.38,2.3,35,6.7,37,8.2,57,47,1.2,0.2,50,,,,,,
,,,,,,,,,,,,,,,,,,,,,,,,,,,,,,,
players,Bronny,James,SG,21,188,209,27,45,3.9,5.2,0.91,11.5,0.6,7.7,0.34,0.4,35,3.4,35,3.5,71,44,1.7,2.2,50,R,,,,,
,,,,,,,,,,,,,,,,,,,,,,,,,,,,,,,
players,LeBron,James,SF,41,206,249,27,70,0.9,4.0,0.86,4.4,0.48,4.2,0.43,1.1,78,2.3,76,8.5,66,83,0.3,2.3,74,,,,,,
,,,,,,,,,,,,,,,,,,,,,,,,,,,,,,,
players,Luke,Kennard,SG,29,196,205,27,45,4.1,7.3,0.78,5.0,0.58,7.8,0.43,0.7,45,6.8,45,7.6,48,54,2.1,2.1,50,,,,,,
,,,,,,,,,,,,,,,,,,,,,,,,,,,,,,,
players,Maxi,Kleber,PF,34,208,238,27,45,2.0,5.7,0.88,5.9,0.49,0.6,0.44,0.5,35,2.3,35,5.0,68,40,0.9,0.1,50,,,,,,
,,,,,,,,,,,,,,,,,,,,,,,,,,,,,,,
players,Dalton,Knecht,SF,25,198,213,27,45,0.9,6.4,0.78,8.0,0.54,3.3,0.4,1.8,35,8.3,35,2.4,61,43,0.4,1.6,50,,,,,,
,,,,,,,,,,,,,,,,,,,,,,,,,,,,,,,
players,Jake,LaRavia,PF,24,200,233,27,48,3.4,5.8,0.77,5.7,0.52,4.6,0.3,0.5,45,5.5,41,8.0,47,49,0.9,1.4,50,,,,,,
,,,,,,,,,,,,,,,,,,,,,,,,,,,,,,,
players,Chris,Manon,PG,24,193,207,27,45,4.0,2.9,0.84,3.9,0.59,1.6,0.29,0.5,35,2.6,37,4.6,82,43,0.7,1.2,50,,,,,,
,,,,,,,,,,,,,,,,,,,,,,,,,,,,,,,
players,Austin,Reaves,SG,27,196,196,27,65,3.6,4.7,0.91,9.9,0.63,5.7,0.43,2.6,68,3.3,66,1.7,52,76,2.0,0.6,74,,,,,,
,,,,,,,,,,,,,,,,,,,,,,,,,,,,,,,
players,Marcus,Smart,SG,32,191,218,27,45,2.5,5.3,0.63,8.7,0.5,6.4,0.4,0.3,52,6.4,55,1.2,83,59,0.8,0.2,59,,,,,,
,,,,,,,,,,,,,,,,,,,,,,,,,,,,,,,
players,Adou,Thiero,SF,21,202,218,27,45,1.7,5.9,0.79,10.5,0.58,3.5,0.41,2.4,35,6.6,35,7.5,46,38,0.9,1.5,50,R,,,,,
,,,,,,,,,,,,,,,,,,,,,,,,,,,,,,,
players,Drew,Timme,PF,25,208,233,27,45,1.8,4.7,0.87,5.2,0.49,0.9,0.3,2.8,35,1.5,35,6.6,54,38,1.8,1.6,50,,,,,,
,,,,,,,,,,,,,,,,,,,,,,,,,,,,,,,
players,Jarred,Vanderbilt,PF,27,202,213,27,54,3.5,7.6,0.86,6.2,0.5,0.7,0.36,2.5,52,8.1,49,4.3,46,63,2.1,2.0,50,,,,,,
,,,,,,,,,,,,,,,,,,,,,,,,,,,,,,,
,,,,,,,,,,,,,,,,,,,,,,,,,,,,,,,
,,,,,,,,,,,,,,,,,,,,,,,,,,,,,,,
,,,,,,,,,,,,,,,,,,,,,,,,,,,,,,,
,,,,,,,,,,,,,,,,,,,,,,,,,,,,,,,
players,Ace,Bailey,SF,19,206,198,28,47,1.7,1.6,0.83,5.2,0.51,1.7,0.4,2.3,45,3.7,46,8.9,81,51,0.3,1.0,50,R,,,,,
,,,,,,,,,,,,,,,,,,,,,,,,,,,,,,,
players,Isaiah,Collier,SG,21,193,209,28,50,1.9,2.0,0.71,8.7,0.57,3.4,0.3,2.4,45,3.7,44,7.2,73,55,0.9,2.3,50,R,,,,,
,,,,,,,,,,,,,,,,,,,,,,,,,,,,,,,
players,Kyle,Filipowski,C,22,211,249,28,55,1.0,1.6,0.81,3.6,0.57,0.1,0.36,1.0,45,8.0,50,2.6,82,56,1.2,1.6,54,,,,,,
,,,,,,,,,,,,,,,,,,,,,,,,,,,,,,,
players,Keyonte,George,PG,22,193,182,28,61,3.5,1.2,0.65,10.6,0.56,1.0,0.38,0.3,60,3.7,59,8.0,84,72,1.9,0.6,65,,,,,,
,,,,,,,,,,,,,,,,,,,,,,,,,,,,,,,
players,Jaren,Jackson Jr.,PF,26,208,240,28,65,2.7,6.1,0.81,9.1,0.59,3.8,0.42,0.5,68,3.0,60,1.3,72,77,0.4,1.5,66,,,,,,
,,,,,,,,,,,,,,,,,,,,,,,,,,,,,,,
players,Walker,Kessler,C,24,218,244,28,61,2.4,6.0,0.72,11.0,0.66,2.7,0.36,2.8,68,7.8,65,7.9,80,73,1.9,0.7,65,,,,,,
,,,,,,,,,,,,,,,,,,,,,,,,,,,,,,,
players,John,Konchar,SF,30,196,209,28,47,2.7,8.4,0.89,6.3,0.65,7.2,0.43,1.8,45,6.1,37,5.3,72,54,1.8,1.6,54,,,,,,
,,,,,,,,,,,,,,,,,,,,,,,,,,,,,,,
players,Kevin,Love,PF,37,208,249,28,45,2.3,1.8,0.66,4.5,0.58,0.3,0.43,1.1,45,6.1,52,8.1,80,56,1.9,1.0,50,,,,,,
,,,,,,,,,,,,,,,,,,,,,,,,,,,,,,,
players,Lauri,Markkanen,PF,28,216,238,28,68,1.8,2.2,0.65,10.2,0.49,6.8,0.32,1.4,68,7.4,61,5.8,51,73,1.7,0.6,73,,,,,,
,,,,,,,,,,,,,,,,,,,,,,,,,,,,,,,
players,Bez,Mbeng,PG,24,193,182,28,45,3.0,7.2,0.69,4.4,0.61,4.5,0.36,3.3,35,5.4,35,5.9,77,38,0.5,2.5,50,,,,,,
,,,,,,,,,,,,,,,,,,,,,,,,,,,,,,,
players,Svi,Mykhailiuk,PF,28,200,202,28,45,1.3,7.3,0.64,11.2,0.52,6.3,0.29,0.8,35,6.8,37,4.9,83,44,1.0,0.4,50,,,,,,
,,,,,,,,,,,,,,,,,,,,,,,,,,,,,,,
players,Jusuf,Nurkic,C,31,211,288,28,46,4.3,3.3,0.68,3.1,0.56,3.8,0.42,1.3,45,5.9,53,3.2,48,50,1.4,0.5,55,,,,,,
,,,,,,,,,,,,,,,,,,,,,,,,,,,,,,,
players,Brice,Sensabaugh,SF,22,198,233,28,45,4.2,3.4,0.79,9.5,0.52,4.0,0.32,2.2,35,4.8,40,1.1,59,44,2.2,1.2,50,,,,,,
,,,,,,,,,,,,,,,,,,,,,,,,,,,,,,,
players,Oscar,Tshiebwe,C,26,202,253,28,45,2.8,2.3,0.89,6.8,0.56,6.1,0.42,2.9,35,4.0,40,4.4,82,38,1.8,2.4,50,,,,,,
,,,,,,,,,,,,,,,,,,,,,,,,,,,,,,,
players,Cody,Williams,SF,21,202,189,28,45,3.7,1.0,0.75,5.7,0.62,2.0,0.31,1.9,45,7.8,42,8.6,45,55,2.1,0.8,52,R,,,,,
,,,,,,,,,,,,,,,,,,,,,,,,,,,,,,,
,,,,,,,,,,,,,,,,,,,,,,,,,,,,,,,
,,,,,,,,,,,,,,,,,,,,,,,,,,,,,,,
,,,,,,,,,,,,,,,,,,,,,,,,,,,,,,,
,,,,,,,,,,,,,,,,,,,,,,,,,,,,,,,
players,Bub,Carrington,PG,20,193,189,29,45,3.9,3.2,0.86,6.6,0.58,7.6,0.31,3.1,45,5.3,48,4.2,69,53,0.3,2.2,51,R,,,,,
,,,,,,,,,,,,,,,,,,,,,,,,,,,,,,,
players,Justin,Champagnie,SG,24,198,205,29,45,3.0,2.3,0.71,5.5,0.59,4.9,0.32,1.6,35,5.7,35,3.4,69,40,0.5,1.5,50,,,,,,
,,,,,,,,,,,,,,,,,,,,,,,,,,,,,,,
players,Bilal,Coulibaly,SF,21,200,194,29,45,3.8,8.3,0.75,9.9,0.62,0.3,0.31,1.6,45,4.2,40,3.9,72,47,1.8,1.5,50,R,,,,,
,,,,,,,,,,,,,,,,,,,,,,,,,,,,,,,
players,Anthony,Davis,PF,33,208,251,29,62,3.3,4.4,0.67,11.6,0.57,0.8,0.35,2.6,68,5.4,75,2.5,62,79,1.0,2.1,78,,,,,,
,,,,,,,,,,,,,,,,,,,,,,,,,,,,,,,
players,Kyshawn,George,SG,22,202,198,29,45,2.4,5.0,0.74,9.3,0.61,4.6,0.34,3.2,45,8.2,43,3.5,69,57,0.8,1.1,50,,,,,,
,,,,,,,,,,,,,,,,,,,,,,,,,,,,,,,
players,Anthony,Gill,SF,33,200,229,29,45,1.5,7.8,0.9,3.1,0.46,2.7,0.42,1.9,35,8.3,35,3.4,50,41,1.8,0.7,50,,,,,,
,,,,,,,,,,,,,,,,,,,,,,,,,,,,,,,
players,Jaden,Hardy,PG,23,191,196,29,45,1.3,1.1,0.86,9.5,0.58,5.2,0.43,1.9,35,6.7,35,0.8,67,44,1.3,1.7,50,,,,,,
,,,,,,,,,,,,,,,,,,,,,,,,,,,,,,,
players,Tre,Johnson,SG,19,196,189,29,45,2.3,6.9,0.89,9.8,0.45,6.2,0.44,1.6,45,6.2,44,5.7,76,48,2.0,0.9,55,R,,,,,
,,,,,,,,,,,,,,,,,,,,,,,,,,,,,,,
players,Will,Riley,SF,20,206,178,29,45,2.5,4.5,0.68,8.2,0.59,2.9,0.41,2.8,35,2.9,35,7.2,51,47,1.1,0.5,50,R,,,,,
,,,,,,,,,,,,,,,,,,,,,,,,,,,,,,,
players,D'Angelo,Russell,PG,30,191,191,29,45,2.8,2.6,0.71,6.9,0.58,4.6,0.41,2.0,45,5.0,38,7.0,58,47,0.6,2.1,50,,,,,,
,,,,,,,,,,,,,,,,,,,,,,,,,,,,,,,
players,Alex,Sarr,C,21,213,202,29,60,2.5,1.5,0.84,6.7,0.59,2.0,0.32,2.8,60,4.5,65,2.2,67,63,0.4,0.9,61,R,,,,,
,,,,,,,,,,,,,,,,,,,,,,,,,,,,,,,
players,Tristan,Vukcevic,C,23,213,218,29,45,4.5,6.4,0.65,10.2,0.49,7.8,0.4,3.2,35,4.0,42,8.2,81,41,2.0,2.4,50,,,,,,
,,,,,,,,,,,,,,,,,,,,,,,,,,,,,,,
players,Jamir,Watkins,SF,24,198,209,29,45,1.3,4.3,0.72,8.3,0.46,2.3,0.3,3.4,35,1.3,35,4.9,56,46,1.3,1.8,50,,,,,,
,,,,,,,,,,,,,,,,,,,,,,,,,,,,,,,
players,Cam,Whitmore,SF,21,198,229,29,45,2.7,2.6,0.69,3.4,0.55,4.0,0.34,1.6,35,6.7,40,0.7,52,41,1.7,0.1,50,R,,,,,
,,,,,,,,,,,,,,,,,,,,,,,,,,,,,,,
players,Trae,Young,PG,27,188,163,29,77,2.9,7.8,0.75,10.7,0.55,7.4,0.3,0.4,68,5.6,74,5.4,46,76,1.8,1.9,75,,,,,,
,,,,,,,,,,,,,,,,,,,,,,,,,,,,,,,
,,,,,,,,,,,,,,,,,,,,,,,,,,,,,,,
,,,,,,,,,,,,,,,,,,,,,,,,,,,,,,,
,,,,,,,,,,,,,,,,,,,,,,,,,,,,,,,
,,,,,,,,,,,,,,,,,,,,,,,,,,,,,,,
players,Markelle,Fultz,PG,26,193,209,-1,73,1.2,0.8,0.69,7.2,0.48,0.4,0.22,1.3,40,4.8,78,2.8,82,75,1,0.3,78,,,,,,
,,,,,,,,,,,,,,,,,,,,,,,,,,,,,,,
players,Ryan,Arcidiacono,PG,30,190,195,-1,67,0.5,0.6,0.8,1.4,0.49,0.3,0.36,0.2,19,1.6,69,1.9,79,60,0.5,0,71,CG,,,,,
,,,,,,,,,,,,,,,,,,,,,,,,,,,,,,,
players,Jamaree,Bouyea,PG,25,188,180,-1,62,0.9,0.1,0.5,2,0.48,1.1,0.2,0.3,8,2.7,68,1,93,64,0.4,0.1,70,,,,,,
,,,,,,,,,,,,,,,,,,,,,,,,,,,,,,,
players,D.J,Carton,PG,24,188,200,-1,58,0.6,0.8,0.83,1,0.37,0.9,0.14,0.3,7,0.8,61,0.8,70,62,0.5,0,67,,,,,,
,,,,,,,,,,,,,,,,,,,,,,,,,,,,,,,
players,Malachi,Flynn,PG,26,185,175,-1,63,1.1,1.6,0.68,3.7,0.52,3.2,0.31,0.3,20,1.5,70,2.1,70,66,0.8,0.1,78,,,,,,
,,,,,,,,,,,,,,,,,,,,,,,,,,,,,,,
players,Jacob,Gilyard,PG,26,175,160,-1,60,0.3,0.1,1,0.6,0.37,3.1,0.37,0.2,2,0.5,50,1.5,58,65,0.9,0,70,,,,,,
,,,,,,,,,,,,,,,,,,,,,,,,,,,,,,,
players,Jordan,Goodwin,PG,26,190,200,-1,69,1.6,1.8,0.63,7.5,0.36,3.6,0.31,1.6,30,2.6,80,2.7,80,69,0.9,0.4,75,,,,,,
,,,,,,,,,,,,,,,,,,,,,,,,,,,,,,,
players,Jazian,Gortman,PG,21,188,184,-1,69,0.6,0.3,0.5,0.8,0.41,0.7,0.36,0.1,3,0.3,61,2,80,61,0.1,0.1,68,,,,,,
,,,,,,,,,,,,,,,,,,,,,,,,,,,,,,,
players,Killian,Hayes,PG,23,196,195,-1,70,1.2,1.2,0.66,5,0.45,1.8,0.29,0.3,15,2.6,71,4.9,85,74,0.9,0.5,80,,,,,,
,,,,,,,,,,,,,,,,,,,,,,,,,,,,,,,
players,Kira,Lewis Jr.,PG,23,185,170,-1,69,0.6,0.8,0.84,2.3,0.59,1.1,0.29,0.4,5,0.6,69,1.6,82,66,0.3,0.1,70,,,,,,
,,,,,,,,,,,,,,,,,,,,,,,,,,,,,,,
players,Quincy,Olivari,PG,24,190,198,-1,66,0.5,1.5,0.45,1.7,0.81,2.5,0.35,0.2,6,0.8,80,0.5,86,69,0.2,0,76,,,,,,
,,,,,,,,,,,,,,,,,,,,,,,,,,,,,,,
players,Elfrid,Payton,PG,30,190,195,-1,70,2.9,0.6,0.5,6.4,0.51,0.1,0.28,0.7,30,2.7,75,6.9,84,67,1.4,0.4,77,,,,,,
,,,,,,,,,,,,,,,,,,,,,,,,,,,,,,,
players,Jason,Preston,PG,25,193,187,-1,55,0.3,0.1,0.5,1.9,0.48,1,0.23,0.9,2,1.5,70,1.9,59,63,0.2,0,68,,,,,,
,,,,,,,,,,,,,,,,,,,,,,,,,,,,,,,
players,Isaiah,Thomas,PG,35,175,185,-1,70,2,4.8,0.87,1,0.48,0.7,0.5,0.5,66,1.9,70,2.5,88,63,0.8,0.1,69,,,,,,
,,,,,,,,,,,,,,,,,,,,,,,,,,,,,,,
players,Amari,Bailey,SG,20,196,185,-1,67,0.4,0.7,0.85,1.6,0.43,0.8,0.12,0.6,3,0.9,68,0.7,80,65,0.3,0,65,,,,,,
,,,,,,,,,,,,,,,,,,,,,,,,,,,,,,,
players,Jules,Bernard,SG,25,201,210,-1,57,0.4,0.5,0.55,1.8,0.51,1.5,0.37,0.5,4,0.8,65,0.8,75,65,0.2,0.1,64,,,,,,
,,,,,,,,,,,,,,,,,,,,,,,,,,,,,,,
players,Buddy,Boeheim,SG,25,198,205,-1,60,0.5,1,0.83,1,0.33,2.5,0.32,0.3,4,0.7,59,0.3,75,63,0.1,0.1,67,,,,,,
,,,,,,,,,,,,,,,,,,,,,,,,,,,,,,,
players,James,Bouknight,SG,24,196,190,-1,60,0.6,0.8,0.76,0.9,0.45,2.1,0.43,0.1,8,0.6,70,0.9,70,72,0.4,0.1,72,,,,,,
,,,,,,,,,,,,,,,,,,,,,,,,,,,,,,,
players,Charlie,Brown Jr.,SG,28,198,199,-1,65,0.3,0.5,0.92,1.3,0.32,1,0.22,0.1,5,0.2,71,0.3,68,65,0.3,0.2,68,,,,,,
,,,,,,,,,,,,,,,,,,,,,,,,,,,,,,,
players,Javon,Freeman-Liberty,SG,25,193,180,-1,61,1.1,1.6,0.91,3.7,0.54,1.9,0.23,0.7,7,2.5,68,1.8,70,63,0.5,0.2,70,,,,,,
,,,,,,,,,,,,,,,,,,,,,,,,,,,,,,,
players,Andrew,Funk,SG,25,196,200,-1,60,1,0.5,0.5,0.7,0.52,0.6,0.3,0.2,2,0.3,59,0.3,63,62,0.2,0.2,65,,,,,,
,,,,,,,,,,,,,,,,,,,,,,,,,,,,,,,
players,Kevin,Harris,SG,27,196,216,-1,57,0.5,0.9,0.75,1.5,0.66,1.2,0.37,0.1,3,1,61,0.5,65,60,0.5,0.1,60,,,,,,
,,,,,,,,,,,,,,,,,,,,,,,,,,,,,,,
players,Victor,Oladipo,SG,32,190,214,-1,70,2.1,1.9,0.74,4.5,0.47,5,0.33,0.4,40,2.7,66,3.5,70,62,1.4,0.3,70,,,,,,
,,,,,,,,,,,,,,,,,,,,,,,,,,,,,,,
players,Joshua,Primo,SG,22,198,190,-1,66,2,1.2,0.75,1,0.5,0.5,0.3,0.5,19,1.6,69,1.8,80,69,0.4,0.5,68,,,,,,
,,,,,,,,,,,,,,,,,,,,,,,,,,,,,,,
players,Thanasis,Antetokounmpo,SF,32,201,219,-1,60,1.1,0.1,0.52,0.9,0.55,0.3,0.14,0.6,40,0.9,68,0.6,76,50,0.2,0.1,66,IH,,,,,
,,,,,,,,,,,,,,,,,,,,,,,,,,,,,,,
players,Oshae,Brissett,SF,26,201,210,-1,60,0.4,1.5,0.6,1.8,0.54,1,0.27,1.1,9,1.8,66,0.8,70,63,0.3,0.1,70,,,,,,
,,,,,,,,,,,,,,,,,,,,,,,,,,,,,,,
players,Reggie,Bullock,SF,33,198,205,-1,63,0.2,0.6,0.82,0.3,0.46,1.5,0.4,0.1,45,1.5,69,0.3,70,61,0.3,0.1,74,,,,,,
,,,,,,,,,,,,,,,,,,,,,,,,,,,,,,,
players,Torrey,Craig,SF,34,201,221,-1,72,0.6,0.4,0.75,1.1,0.7,3.9,0.42,0.9,50,2.8,70,0.6,82,65,0.2,0.1,73,,,,,,
,,,,,,,,,,,,,,,,,,,,,,,,,,,,,,,
players,Justin,Holiday,SF,35,198,180,-1,70,0.2,0.1,0.75,1,0.56,2.3,0.45,0.2,54,1.2,71,1.2,79,65,0.6,0.2,70,,,,,,
,,,,,,,,,,,,,,,,,,,,,,,,,,,,,,,
players,Danuel,House Jr.,SF,31,198,220,-1,68,0.6,1.4,0.76,1.6,0.58,1.5,0.3,0.5,30,1.2,89,0.8,82,69,0.4,0.1,72,,,,,,
,,,,,,,,,,,,,,,,,,,,,,,,,,,,,,,
players,Keyonte,Johnson,SF,24,196,230,-1,64,0.4,0.4,0.4,1.4,0.3,0.3,0.33,0.4,26,0.7,76,0.4,70,61,0.1,0,68,,,,,,
,,,,,,,,,,,,,,,,,,,,,,,,,,,,,,,
players,Alex,Fudge,SF,21,203,200,-1,71,0.5,0.3,1,3,0.66,1.5,0.33,1,16,1.5,76,0.2,77,68,0.5,0,70,,,,,,
,,,,,,,,,,,,,,,,,,,,,,,,,,,,,,,
players,Nassir,Little,SF,24,196,220,-1,68,0.3,0.4,0.85,1.2,0.66,1.6,0.3,0.3,37,1.4,80,0.5,72,65,0.2,0.2,81,,,,,,
,,,,,,,,,,,,,,,,,,,,,,,,,,,,,,,
players,Kevin,Knox,SF,25,201,215,-1,64,0.7,0.7,0.9,3,0.59,3,0.33,0.6,23,1.8,76,0.7,85,67,0.4,0.2,80,,,,,,
,,,,,,,,,,,,,,,,,,,,,,,,,,,,,,,
players,Jaeln,McDaniels,SF,27,206,205,-1,71,0.6,0.7,0.73,2.4,0.44,1.4,0.32,0.4,35,1.6,79,0.7,78,69,0.4,0.1,74,,,,,,
,,,,,,,,,,,,,,,,,,,,,,,,,,,,,,,
players,Wesley,Mathew,SF,38,196,220,-1,65,0.2,0.7,0.75,0.8,0.35,1.9,0.34,0.3,62,1.2,78,0.6,81,64,0.4,0.2,67,,,,,,
,,,,,,,,,,,,,,,,,,,,,,,,,,,,,,,
players,Juan,Toscano-Anderaon,SF,31,198,209,-1,66,0.2,0.6,0.64,0.7,0.6,0.4,0.32,0.4,38,0.9,71,0.4,79,65,0.1,0.2,74,,,,,,
,,,,,,,,,,,,,,,,,,,,,,,,,,,,,,,
players,Keita,Bates-Diop,PF,29,203,229,-1,64,0.5,0.4,0.75,0.8,0.54,0.4,0.33,0.1,30,2.3,62,0.9,75,67,0.5,0.3,68,,,,,,
,,,,,,,,,,,,,,,,,,,,,,,,,,,,,,,
players,Robert,Covington,PF,34,201,209,-1,68,0.4,0.9,0.87,1.6,0.56,1.8,0.45,1.1,48,3.4,77,0.7,86,65,1.3,0.6,74,,,,,,
,,,,,,,,,,,,,,,,,,,,,,,,,,,,,,,
players,Marcus,Morries,PF,35,203,218,-1,62,0.9,0.7,0.62,2.5,0.46,2.4,0.41,0.4,60,1.7,72,0.8,81,62,0.2,0.2,72,,,,,,
,,,,,,,,,,,,,,,,,,,,,,,,,,,,,,,
players,Thaddeus,Young,PF,36,203,235,-1,66,0.4,0.3,0.66,2,0.52,0.1,0.32,1.7,31,1.1,70,0.7,78,60,0.5,0.2,74,,,,,,
,,,,,,,,,,,,,,,,,,,,,,,,,,,,,,,
players,Isaiah,Mobley,PF,25,203,240,-1,67,0.2,0.1,0.8,1.4,0.5,1,0.41,0.3,19,0.7,72,0.6,71,65,0.2,0,72,,,,,,
,,,,,,,,,,,,,,,,,,,,,,,,,,,,,,,
players,Terry,Taylor,PF,25,196,230,-1,63,0.2,0.2,0.8,1,0.6,0.3,0.28,0.5,21,0.6,71,0.3,76,66,0.2,0.1,69,,,,,,
,,,,,,,,,,,,,,,,,,,,,,,,,,,,,,,
players,M,Bamba,C,26,213,231,-1,65,0.7,0.9,0.68,1.9,0.62,1.8,0.3,0.9,31,3.4,68,0.6,81,70,0.3,1,75,,,,,,
,,,,,,,,,,,,,,,,,,,,,,,,,,,,,,,
players,Bismack,Biyombo,C,32,203,255,-1,70,0.4,0.8,0.5,1.2,0.58,0,0,0.5,37,1.3,67,0.2,75,60,0.1,0.3,71,,,,,,
,,,,,,,,,,,,,,,,,,,,,,,,,,,,,,,
players,Robin,Lopez,C,36,216,281,-1,80,0.1,1.8,0.74,0.7,0.45,0.5,0.25,0.2,50,0.1,69,0.3,78,55,0.2,0.1,67,,,,,,
,,,,,,,,,,,,,,,,,,,,,,,,,,,,,,,
players,Montrezl,Harrell,C,31,201,240,-1,71,0.6,1.8,0.69,3.6,0.61,0.1,0.1,1.2,45,1.6,77,0.6,79,70,0.3,0.4,82,,,,,,
,,,,,,,,,,,,,,,,,,,,,,,,,,,,,,,
players,Justin,Anderson,SF,31,198,230,-1,69,0.9,2.3,0.78,2.2,0.63,2.7,0.3,1,39,2.7,66,1.1,65,64,0.8,0.5,74,,,,,,
,,,,,,,,,,,,,,,,,,,,,,,,,,,,,,,
players,Michael,Beasley,PF,36,206,235,-1,67,2.2,3.4,0.76,7.2,0.46,2.2,0.35,1.6,44,4.2,59,2.2,60,66,1,0.8,70,,,,,,
,,,,,,,,,,,,,,,,,,,,,,,,,,,,,,,
players,Lance,Stephenson,SF,34,198,230,-1,74,1.5,2.1,0.7,5.4,0.42,2.6,0.37,0.8,66,3.3,70,4,60,64,1,0.3,80,,,,,,
,,,,,,,,,,,,,,,,,,,,,,,,,,,,,,,
,,,,,,,,,,,,,,,,,,,,,,,,,,,,,,,
,,,,,,,,,,,,,,,,,,,,,,,,,,,,,,,
,,,,,,,,,,,,,,,,,,,,,,,,,,,,,,,
,,,,,,,,,,,,,,,,,,,,,,,,,,,,,,,
"Rookies,Cooper,Flagg,PF,19,210,205,-3,84,2,6.7,0.8,9.8,0.53,3.9,0.34,1.5,51,6.4,82,4.2,82,95,1.5,1.2,86,USA,Newport,Maine,"","",,"
,,,,,,,,,,,,,,,,,,,,,,,,,,,,,,,
"Rookies,Dylan,Harper,PG,20,198,215,-3,71,2.2,5.6,0.7,8.5,0.57,4.8,0.33,1,40,3.8,85,4.1,78,93,1.1,0.5,86,USA,Franklin Lakes,New Jersey,"","",,"
,,,,,,,,,,,,,,,,,,,,,,,,,,,,,,,
"Rookies,Airious,Bailey,SF,19,208,200,-3,83,2.2,4.3,0.67,11.2,0.5,5.2,0.38,2.1,45,5.7,81,1,80,91,1.1,1.4,86,USA,Chattanooga,Tennessee,"","",,"
,,,,,,,,,,,,,,,,,,,,,,,,,,,,,,,
"Rookies,V.J.,Edgecombe,SG,20,196,180,-3,82,2,3.5,0.77,7.2,0.47,4.6,0.39,1.9,39,3.4,80,3.2,82,90,2.3,0.7,85,Bahamas,,Bimini,"","",,"
,,,,,,,,,,,,,,,,,,,,,,,,,,,,,,,
"Rookies,Kasparas,Jakucionis,PG,19,198,205,-3,74,3.7,5.2,0.83,5,0.59,5.2,0.35,1.1,30,4.7,81,5.5,83,90,1.1,0.2,85,Lithuania,,Vilnius,"","",,"
,,,,,,,,,,,,,,,,,,,,,,,,,,,,,,,
"Rookies,Tre,Johnson,SG,19,198,190,-3,72,1.6,3.5,0.88,8.4,0.5,6.5,0.37,0.2,25,2.6,80,2.3,81,90,1,0.2,85,USA,Garland,Texas,"","",,"
,,,,,,,,,,,,,,,,,,,,,,,,,,,,,,,
"Rookies,Kon,Knueppel,SG,20,202,217,-3,70,1.3,2.6,0.87,3.9,0.54,6.2,0.37,0.8,20,3.8,81,2.7,79,90,0.8,0.2,85,USA,Milwauke,Wisconsin,"","",,"
,,,,,,,,,,,,,,,,,,,,,,,,,,,,,,,
"Rookies,Egor,Demin,SG,20,206,190,-3,71,2.9,2.9,0.64,4.6,0.56,4.6,0.28,0.4,23,4,80,5.7,80,90,1.3,0.6,85,Russia,,Moscow,"","",,"
,,,,,,,,,,,,,,,,,,,,,,,,,,,,,,,
"Rookies,Jeremiah,Fears,PG,19,193,182,-3,71,3.7,5.8,0.84,7.5,0.53,3.5,0.27,0.7,19,3.1,78,4.2,82,89,1.8,0.1,84,USA,Joliet,Illinios,"","",,"
,,,,,,,,,,,,,,,,,,,,,,,,,,,,,,,
"Rookies,Asa,Newell,PF,20,211,220,-3,74,1,3.4,0.74,8.7,0.62,2.3,0.26,3.4,17,7,77,1,83,89,1.2,1.1,84,USA,Destin,Florida,"","",,"
,,,,,,,,,,,,,,,,,,,,,,,,,,,,,,,
"Rookies,Ben,Saraf,SG,19,196,200,-3,71,2.5,3.1,0.78,8.8,0.48,2.8,0.22,0.6,12,1.6,79,4.6,83,89,1.3,0.1,84,Israel,,Gan Yoshiya,"","",,"
,,,,,,,,,,,,,,,,,,,,,,,,,,,,,,,
"Rookies,Khaman,Maluach,C,19,218,250,-3,76,0.7,2.1,0.77,4,0.79,0.3,0.14,2.5,10,3.7,75,0.3,80,89,0.2,1.1,84,South Sudan,,Rumbek,"","",,"
,,,,,,,,,,,,,,,,,,,,,,,,,,,,,,,
"Rookies,Collin,Murray-Boyles,PF,20,201,231,-3,78,2.8,5,0.66,9.1,0.64,0.9,0.25,2.5,9,6.4,77,2.5,81,89,1.6,1.4,84,Columbia,,South Carolina,"","",,"
,,,,,,,,,,,,,,,,,,,,,,,,,,,,,,,
"Rookies,Nolan,Traore,SG,19,192,175,-3,67,2.3,3.1,0.7,5.8,0.39,4.4,0.26,0.6,10,1.2,85,5.1,84,89,0.7,0.7,84,France,,Creteil,"","",,"
,,,,,,,,,,,,,,,,,,,,,,,,,,,,,,,
"Rookies,Liam,McNeeley,PF,19,201,210,-3,63,1.4,4.3,0.85,4.8,0.47,4.7,0.37,1,13,4.8,82,2.6,82,89,0.4,0.4,84,USA,Richardson,Texas,"","",,"
,,,,,,,,,,,,,,,,,,,,,,,,,,,,,,,
"Rookies,Noa,Essengue,SF,18,208,194,-3,70,1,5.6,0.73,5.1,0.65,1.9,0.29,1.2,9,4.1,80,1.1,80,89,1.4,0.6,84,France,,Orleans,"","",,"
,,,,,,,,,,,,,,,,,,,,,,,,,,,,,,,
"Rookies,Hugo,Gonzalez,SF,19,201,207,-3,62,0.8,1.3,0.7,2.1,0.58,1.9,0.45,0.7,7,1.7,79,0.9,78,86,0.3,0.4,83,Spain,,Madrid,"","",,"
,,,,,,,,,,,,,,,,,,,,,,,,,,,,,,,
"Rookies,Derik,Queen,C,21,208,246,-3,80,2.3,4.9,0.75,9.5,0.58,1,0.09,2.2,10,6.1,77,2,75,86,1.2,1,83,USA,Baltimore,Maryland,"","",,"
,,,,,,,,,,,,,,,,,,,,,,,,,,,,,,,
"Rookies,Labaron,Philon,PG,20,193,177,-3,66,1.6,2.6,0.73,5.3,0.55,3.3,0.27,1.2,9,2.2,80,3.5,79,86,1.1,0.3,83,USA,Mobile,Alabama,"","",,"
,,,,,,,,,,,,,,,,,,,,,,,,,,,,,,,
"Rookies,Sergio,Da Larrea,PF,20,201,198,-3,60,0.8,1.3,0.7,2.1,0.58,1.9,0.32,0.7,7,1.7,79,0.9,76,86,0.3,0.4,83,Spain,,Valencia,"","",,"
,,,,,,,,,,,,,,,,,,,,,,,,,,,,,,,
"Rookies,Thomas ,Sober,PF,20,208,255,-3,82,2.3,4.6,0.73,9,0.58,1.6,0.16,2.7,11,5.9,80,2.5,81,86,1.6,2.2,83,USA,Trenton,New Jersey,"","",,"
,,,,,,,,,,,,,,,,,,,,,,,,,,,,,,,
"Rookies,Kameron,Jones,SG,23,193,185,-3,68,1.8,2.8,0.67,10.2,0.57,5.3,0.31,0.7,12,3.7,81,6,85,86,1.6,0.2,83,USA,Cordova,Tennessee,"","",,"
,,,,,,,,,,,,,,,,,,,,,,,,,,,,,,,
"Rookies,Ian,Jackson,SG,20,193,190,-3,61,1.1,3.1,0.75,6,0.56,4.6,0.37,0.5,13,2.9,80,1,81,86,0.6,0.2,83,USA,Bronx,New Jersey,"","",,"
,,,,,,,,,,,,,,,,,,,,,,,,,,,,,,,
"Rookies,Boogie,Flan,PG,19,188,210,-3,66,1.6,3.4,0.83,7.7,0.41,5.3,0.36,0.5,11,3.4,78,5.7,80,86,1.5,0.1,83,USA,Bronx,New Jersey,"","",,"
,,,,,,,,,,,,,,,,,,,,,,,,,,,,,,,
"Rookies,Adou,Thiero,SF,21,198,200,-3,77,1.8,6.9,0.69,8,0.64,1.6,0.23,1.9,16,4.4,79,1.8,82,83,1.8,0.9,82,USA,Leetsdale,Pennsylvania,"","",,"
,,,,,,,,,,,,,,,,,,,,,,,,,,,,,,,
"Rookies,Rasheer,Fleming,PF,20,206,220,-3,80,1.7,3.5,0.68,6,0.64,4.1,0.4,2.2,12,7,82,1.4,85,83,1.4,1.5,82,USA,Camden,New Jersey,"","",,"
,,,,,,,,,,,,,,,,,,,,,,,,,,,,,,,
"Rookies,Noah,Penda,SF,20,198,240,-3,76,1.7,3.2,0.72,4.9,0.52,3,0.27,1.7,6,3.8,79,2.5,80,83,1.6,0.6,82,France,,France,"","",,"
,,,,,,,,,,,,,,,,,,,,,,,,,,,,,,,
"Rookies,Danny,Wolf,C,21,213,255,-3,71,3.5,3.4,0.6,6,0.58,3,0.36,2.1,12,7.9,76,3.6,81,83,0.9,1.6,82,USA,Glencoe,Illinois,"","",,"
,,,,,,,,,,,,,,,,,,,,,,,,,,,,,,,
"Rookies,Jase,Richardson,SG,18,190,185,-3,65,1.4,2.4,0.86,4,0.59,2.1,0.4,0.3,7,2,78,2,83,83,0.8,0.1,82,USA,Colorado,Denver,"","",,"
,,,,,,,,,,,,,,,,,,,,,,,,,,,,,,,
"Rookies,Johni,Broome,PF,23,208,235,-3,85,1.4,4.7,0.63,11.4,0.56,2.5,0.3,3.8,12,7.2,79,3.2,86,83,0.9,2.8,82,USA,Plant City,Florida,"","",,"
,,,,,,,,,,,,,,,,,,,,,,,,,,,,,,,
"Rookies,Will,Riley,SG,19,203,195,-3,60,1.1,3.6,0.69,5.2,0.44,4.2,0.33,1.2,8,2.4,80,1.8,78,83,0.2,0.2,82,Canada,,Kitchener,"","",,"
,,,,,,,,,,,,,,,,,,,,,,,,,,,,,,,
"Rookies,Alex,Karaban,PF,23,203,210,-3,74,1.4,3.2,0.81,5.2,0.51,6.3,0.37,1.7,7,3.4,76,3.2,85,83,0.7,1.8,82,USA,Southborough,Massachusettes,"","",,"
,,,,,,,,,,,,,,,,,,,,,,,,,,,,,,,
"Rookies,Drake,Powell,SG,20,198,195,-3,65,0.9,1.2,0.67,3,0.56,2.6,0.47,0.5,5,3,74,0.8,76,80,0.7,0.6,81,USA,Pittsboro,North Carolina,"","",,"
,,,,,,,,,,,,,,,,,,,,,,,,,,,,,,,
"Rookies,Rocco,Zikarsky,C,19,218,227,-3,71,0.9,1.2,0.67,3,0.56,2.6,0.37,0.5,3,3,77,0.8,80,80,0.7,0.6,81,New Zealand,,Sunshine Coast,"","",,"
,,,,,,,,,,,,,,,,,,,,,,,,,,,,,,,
"Rookies,Carter,Bryant,SF,20,203,225,-3,70,0.8,1.4,0.6,1.9,0.68,2.5,0.38,0.7,6,2.6,75,1,76,80,1,0.9,81,USA,Riverside,California,"","",,"
,,,,,,,,,,,,,,,,,,,,,,,,,,,,,,,
"Rookies,Darrion,Williams,SF,22,198,210,-3,68,2.2,3.8,0.83,8.3,0.49,3.4,0.32,1.8,5,5.5,75,4.2,77,80,1.2,0.5,81,USA,Las Vegas,Nevada,"","",,"
,,,,,,,,,,,,,,,,,,,,,,,,,,,,,,,
"Rookies,Miles,Byrd,SG,21,201,175,-3,80,1.5,3.3,0.85,5.1,0.44,5.9,0.36,0.9,8,3.4,79,2.6,78,80,2,1,81,USA,Stockton,California,"","",,"
,,,,,,,,,,,,,,,,,,,,,,,,,,,,,,,
"Rookies,Ryan,Kalkbrenner,C,24,213,235,-3,88,1.2,5.1,0.72,9.5,0.71,1.7,0.4,2.4,5,6.2,74,1.5,84,80,0.8,2.7,81,USA,St. Louis,Missouri,"","",,"
,,,,,,,,,,,,,,,,,,,,,,,,,,,,,,,
"Rookies,Nique,Cliffrod,SG,24,196,175,-3,64,2.7,4,0.74,8.2,0.58,5,0.32,1.5,9,8.2,76,4.2,84,80,1.1,0.6,81,USA,Colorado Springs,Colorado,"","",,"
,,,,,,,,,,,,,,,,,,,,,,,,,,,,,,,
"Rookies,JoJo,Tugler,PF,20,201,230,-3,82,1.1,2.2,0.55,4.1,0.53,0.4,0.33,2.9,4,3,77,3,80,80,0.9,2.3,81,USA,Houston,Texas,"","",,"
,,,,,,,,,,,,,,,,,,,,,,,,,,,,,,,
"Rookies,Dink,Pink,SF,19,203,210,-3,60,1.9,1.3,0.76,7.7,0.43,4.4,0.25,0.7,10,6.2,76,2.2,82,80,0.9,0.1,81,USA,Dallas,Texas,"","",,"
,,,,,,,,,,,,,,,,,,,,,,,,,,,,,,,
"Rookies,JT,Toppin,PF,20,206,210,-3,80,2.3,3.6,0.7,9.8,0.58,1.1,0.25,2.9,7,5.5,78,1.1,79,80,0.8,1.1,81,USA,Dallas,Texas,"","",,"
,,,,,,,,,,,,,,,,,,,,,,,,,,,,,,,
"Rookies,Micheal,Ruzic,PF,19,203,220,-3,60,0.3,1.7,0.4,1.3,0.5,1.5,0.33,0.5,8,1.8,79,0.3,76,77,0.5,0.3,80,Croatia,,Zadar,"","",,"
,,,,,,,,,,,,,,,,,,,,,,,,,,,,,,,
"Rookies,Alex,Toohey,SF,21,201,223,-3,83,1.6,4.4,0.71,8.8,0.52,4.5,0.31,1.9,15,4.1,83,2.1,85,86,2.3,1.3,80,Australia,,Sydney,"","",,"
,,,,,,,,,,,,,,,,,,,,,,,,,,,,,,,
"Rookies,Bogoljub,Markovic,PF,20,206,190,-3,60,2.9,4.8,0.8,6.3,0.55,2.5,0.38,2,10,6.4,81,2.8,80,83,0.8,0.7,80,Serbia,,Uzise,"","",,"
,,,,,,,,,,,,,,,,,,,,,,,,,,,,,,,
"Rookies,Chaz,Lanier,SG,24,193,175,-3,63,1.1,2.4,0.8,6.3,0.4,8.3,0.42,0.5,3,0.5,82,2.9,83,77,1,0.1,80,USA,Nashville,Tennessee,"","",,"
,,,,,,,,,,,,,,,,,,,,,,,,,,,,,,,
"Rookies,KJ,Lewis,SG,21,193,205,-3,64,2.2,3.6,0.86,5.6,0.53,1.7,0.18,1.3,5,3.2,78,3.3,80,77,1.4,0.8,80,USA,El Paso,Texas,"","",,"
,,,,,,,,,,,,,,,,,,,,,,,,,,,,,,,
"Rookies,Mackenze,Mgbako,SF,21,203,217,-3,60,1.5,2.3,0.86,5.7,0.55,4.7,0.34,1.1,8,3.6,73,1.2,76,77,0.3,0.5,80,USA,Gladstone,New Jersey,"","",,"
,,,,,,,,,,,,,,,,,,,,,,,,,,,,,,,
"Rookies,Joan,Beringer,C,18,206,230,-3,81,0.5,1,0.68,3,0.57,0,0,1.1,3,2.4,76,0.4,77,77,0.5,1.4,80,France,,Strasbourg,"","",,"
,,,,,,,,,,,,,,,,,,,,,,,,,,,,,,,
"Rookies,Tyrese,Proctor,PG,21,196,175,-3,60,1.1,1.8,0.75,3.3,0.43,5.7,0.38,0.6,5,2.9,85,2.2,82,77,0.7,0.1,80,Australia,,Sydney,"","",,"
,,,,,,,,,,,,,,,,,,,,,,,,,,,,,,,
"Rookies,Johann,Grünloh,C,20,206,220,-3,67,0.5,1.5,0.66,2.5,0.55,0,0,1,2,3,75,1,77,77,0.5,0.5,80,Germany,,Löningen,"","",,"
,,,,,,,,,,,,,,,,,,,,,,,,,,,,,,,
"Rookies,Maxine,Raynaud,C,22,216,235,-3,80,2.3,4.3,0.77,10.3,0.55,5.4,0.33,3.3,3,3.3,80,1.9,82,86,1.1,1,80,France,,Paris,"","",,"
,,,,,,,,,,,,,,,,,,,,,,,,,,,,,,,
"Rookies,Hunter,Sallis,PG,22,196,175,-3,66,2.6,3.7,0.82,9.4,0.57,5,0.3,0.4,7,4.3,85,2.7,76,77,1.3,0.6,80,USA,Omaha,Nebraska,"","",,"
,,,,,,,,,,,,,,,,,,,,,,,,,,,,,,,
"Rookies,Xaivian,Lee,PG,21,190,180,-3,66,2.1,4.2,0.75,8.7,0.47,4.7,0.35,0.9,5,4.8,80,5.4,78,77,1.2,0.3,80,Canada,,Toronto,"","",,"
,,,,,,,,,,,,,,,,,,,,,,,,,,,,,,,
"Rookies,Donnie,Freeman,PF,20,206,205,-3,60,1.8,3.5,0.79,7.1,0.56,2.6,0.33,1.1,7,6.9,78,1.4,77,77,0.4,0.4,80,USA,Buford,Georgia,"","",,"
,,,,,,,,,,,,,,,,,,,,,,,,,,,,,,,
"Rookies,Tomislav,Ivisic,C,22,216,255,-3,78,1.3,1.8,0.75,5.5,0.62,4.5,0.33,2,2,6.6,72,2,80,74,0.7,1.2,79,Croatia,,Vodice,"","",,"
,,,,,,,,,,,,,,,,,,,,,,,,,,,,,,,
"Rookies,Tucker,DeVries,SG,23,201,210,-3,79,1.9,3.5,0.82,3.8,0.3,6.9,0.47,0.6,3,4.3,74,2.8,74,74,1.8,1.5,79,USA,Waukee,Iowa,"","",,"
,,,,,,,,,,,,,,,,,,,,,,,,,,,,,,,
"Rookies,Jamir,Watkins,SF,24,201,210,-3,76,2.9,7.6,0.75,7.4,0.48,5.1,0.35,1.1,2,4.1,78,2.3,79,74,1.4,0.6,79,USA,Trenton,New Jersey,"","",,"
,,,,,,,,,,,,,,,,,,,,,,,,,,,,,,,
"Rookies,Payton,Sandfort,SF,23,201,215,-3,64,2,3.3,0.87,5.6,0.49,7.5,0.34,1.1,2,4.6,75,3,75,74,0.8,0.7,79,USA,Waukee,Iowa,"","",,"
,,,,,,,,,,,,,,,,,,,,,,,,,,,,,,,
"Rookies,Sion,James,SG,22,196,185,-3,63,1.2,2.1,0.78,3.6,0.58,1.8,0.38,0.7,3,4.1,70,3.1,73,74,1.1,0.4,79,USA,Michigan,Michigan,"","",,"
,,,,,,,,,,,,,,,,,,,,,,,,,,,,,,,
"Rookies,Caleb,Love,SG,23,193,195,-3,62,1.8,2.8,0.86,6.5,0.47,8,0.32,0.5,6,4,71,3.2,79,74,1.5,0.4,79,USA,St. Louis,Missouri,"","",,"
,,,,,,,,,,,,,,,,,,,,,,,,,,,,,,,
Rookies,David,Duke,PG,20,196,200,-3,63,2.4,3.2,0.75,4.9,0.39,2.7,0.37,0.4,12,2.9,64,2.7,53,67,1.1,0.2,72,USA,Providence,Providence,R,,
,,,,,,,,,,,,,,,,,,,,,,,,,,,,,,,
Rookies,Malcolm,Cazalon,SG,18,198,185,-3,64,1.6,3.2,0.79,6.2,0.38,2.3,0.31,0.4,10,4.2,62,3.2,50,68,1.4,0.4,70,France,,Leuven,R,,
,,,,,,,,,,,,,,,,,,,,,,,,,,,,,,,
Rookies,Mustapha,Heron,SG,22,196,220,-3,63,2.1,3.3,0.79,5.1,0.41,3.5,0.35,0.8,12,3.2,64,1.8,59,65,0.7,0.1,67,USA,St Johns,St Johns,R,,
,,,,,,,,,,,,,,,,,,,,,,,,,,,,,,,
Rookies,Jordan,Bowden,SG,23,196,185,-3,64,1.4,2.5,0.8,3.7,0.42,3.5,0.34,0.4,10,2.2,63,1.6,54,67,0.7,0.1,68,USA,Tennessee,Tennesse,R,,
,,,,,,,,,,,,,,,,,,,,,,,,,,,,,,,
Rookies,Robe,Calingo,SG,19,201,240,-3,70,0.9,0.7,0.77,5.9,0.46,1.7,0.29,1.0,5,2.4,66,2.3,70,95,0.8,0.3,75,Philippines,Sampaloc,Manila,R,,
,,,,,,,,,,,,,,,,,,,,,,,,,,,,,,,
,,,,,,,,,,,,,,,,,,,,,,,,,,,,,,,
,,,,,,,,,,,,,,,,,,,,,,,,,,,,,,,
,,,,,,,,,,,,,,,,,,,,,,,,,,,,,,,
,,,,,,,,,,,,,,,,,,,,,,,,,,,,,,,
,,,,,,,,,,,,,,,,,,,,,,,,,,,,,,,
,Team ID,First,Last,Age,Position,Authority,Expectation,Personality,ShotSelection,BallMovement,Rebounding,Defence,Structure,DevShot,DevBallMovement,DevRebounding,DevDefence,DevFitness,FindTalent,FindPotential,Persuasion,Dedication,Desire,Potential,,,,,,,
,,,,,,,,,,,,,,,,,,,,,,,,,,,,,,,
Coaches,0,Quin,Synder,58,HC,68,57,76,61,76,72,77,57,60,68,55,62,41,23,34,67,100,84,75,,,,,,,
,,,,,,,,,,,,,,,,,,,,,,,,,,,,,,,
Coaches,1,Joe,Mazzulla,36,HC,78,69,65,64,81,65,63,82,62,76,75,64,57,43,30,78,87,90,83,,,,,,,
,,,,,,,,,,,,,,,,,,,,,,,,,,,,,,,
Coaches,2,Jordi,Fernandez,42,HC,60,38,72,60,68,60,65,60,53,85,54,66,50,45,67,63,76,89,86,,,,,,,
,,,,,,,,,,,,,,,,,,,,,,,,,,,,,,,
Coaches,3,Charlee,Lee,40,HC,61,61,72,52,74,75,52,100,53,61,80,85,49,55,54,73,80,12,71,,,,,,,
,,,,,,,,,,,,,,,,,,,,,,,,,,,,,,,
Coaches,4,Billy,Donovan,43,HC,66,61,70,54,72,79,69,79,55,80,66,80,56,45,37,80,95,38,64,,,,,,,
,,,,,,,,,,,,,,,,,,,,,,,,,,,,,,,
Coaches,5,Kenny,Atkinson,57,HC,76,71,70,80,73,54,54,78,58,61,52,74,71,68,67,68,73,32,77,,,,,,,
,,,,,,,,,,,,,,,,,,,,,,,,,,,,,,,
Coaches,6,Jason,Kidd,51,HC,68,50,75,50,67,70,63,96,70,60,65,70,60,30,35,80,85,99,72,,,,,,,
,,,,,,,,,,,,,,,,,,,,,,,,,,,,,,,
Coaches,7,Mike,Malone,53,HC,65,62,75,79,81,65,50,65,50,65,40,80,75,65,45,80,70,32,75,,,,,,,
,,,,,,,,,,,,,,,,,,,,,,,,,,,,,,,
Coaches,8,J.B.,Bickerstaff,45,HC,76,74,75,74,59,74,80,88,68,66,64,80,59,32,22,81,78,32,65,,,,,,,
,,,,,,,,,,,,,,,,,,,,,,,,,,,,,,,
Coaches,9,Steve,Kerr,59,HC,87,98,81,88,84,65,81,67,94,91,54,66,79,63,39,75,79,88,88,,,,,,,
,,,,,,,,,,,,,,,,,,,,,,,,,,,,,,,
Coaches,10,Ime,Udoka,47,HC,80,79,65,72,81,65,77,64,63,73,54,36,85,61,65,76,88,47,62,,,,,,,
,,,,,,,,,,,,,,,,,,,,,,,,,,,,,,,
Coaches,11,Rick,Carlise,65,HC,67,59,70,75,72,67,77,77,54,75,58,80,58,51,52,74,82,37,60,,,,,,,
,,,,,,,,,,,,,,,,,,,,,,,,,,,,,,,
Coaches,12,Tyronn,Lue,47,HC,85,74,85,85,72,89,64,85,65,69,73,74,56,44,51,82,90,86,66,,,,,,,
,,,,,,,,,,,,,,,,,,,,,,,,,,,,,,,
Coaches,13,JJ,Reddick,40,HC,80,60,75,60,71,78,54,82,67,69,79,84,65,60,67,86,80,100,73,,,,,,,
,,,,,,,,,,,,,,,,,,,,,,,,,,,,,,,
Coaches,14,Taylor,Jenkins,40,HC,68,62,65,45,68,65,73,86,63,73,54,36,85,61,65,76,88,47,61,,,,,,,
,,,,,,,,,,,,,,,,,,,,,,,,,,,,,,,
Coaches,15,Eric,Spoelstra,54,HC,81,64,80,65,68,84,56,81,62,64,60,71,74,34,49,85,79,35,70,,,,,,,
,,,,,,,,,,,,,,,,,,,,,,,,,,,,,,,
Coaches,16,Doc,Rivers,63,HC,68,57,76,61,76,72,77,57,60,68,55,62,41,23,34,67,100,84,75,,,,,,,
,,,,,,,,,,,,,,,,,,,,,,,,,,,,,,,
Coaches,17,Chris,Finch,44,HC,79,56,70,77,76,79,74,75,55,80,66,80,56,45,37,80,95,38,68,,,,,,,
,,,,,,,,,,,,,,,,,,,,,,,,,,,,,,,
Coaches,18,Willie,Green,46,HC,59,53,85,60,73,84,69,86,73,72,67,79,65,48,43,87,83,77,76,,,,,,,
,,,,,,,,,,,,,,,,,,,,,,,,,,,,,,,
Coaches,19,Tom,Thibodeau,67,HC,59,53,85,60,73,84,69,86,73,72,67,79,65,48,43,87,83,77,76,,,,,,,
,,,,,,,,,,,,,,,,,,,,,,,,,,,,,,,
Coaches,20,Mark,Daigneault,39,HC,72,63,75,62,67,84,72,65,77,73,67,72,58,32,34,76,90,54,67,,,,,,,
,,,,,,,,,,,,,,,,,,,,,,,,,,,,,,,
Coaches,21,Jamahl,Mosley,46,HC,61,61,72,52,74,75,52,100,53,61,80,85,49,55,54,73,80,12,71,,,,,,,
,,,,,,,,,,,,,,,,,,,,,,,,,,,,,,,
Coaches,22,Nick,Nurse,57,HC,59,41,75,51,76,66,81,48,75,73,66,79,49,66,36,85,95,53,76,,,,,,,
,,,,,,,,,,,,,,,,,,,,,,,,,,,,,,,
Coaches,23,Mike,Budenholzer,55,HC,42,42,65,64,63,47,77,61,62,61,53,58,57,72,69,71,80,47,56,,,,,,,
,,,,,,,,,,,,,,,,,,,,,,,,,,,,,,,
Coaches,24,Chauncey,Billups,48,HC,42,42,65,64,63,47,77,61,62,61,53,58,57,72,69,71,80,47,56,,,,,,,
,,,,,,,,,,,,,,,,,,,,,,,,,,,,,,,
Coaches,25,Doug,Christie,54,HC,51,37,75,60,67,61,77,63,68,66,64,80,59,32,22,81,78,32,65,,,,,,,
,,,,,,,,,,,,,,,,,,,,,,,,,,,,,,,
Coaches,26,Gregg,Popovich,76,HC,92,84,41,79,96,81,74,96,70,57,63,66,36,63,30,89,94,87,45,,,,,,,
,,,,,,,,,,,,,,,,,,,,,,,,,,,,,,,
Coaches,27,Darko,Rajakavic,45,HC,76,74,75,74,59,74,80,88,68,66,64,80,59,32,22,81,78,32,65,,,,,,,
,,,,,,,,,,,,,,,,,,,,,,,,,,,,,,,
Coaches,28,Will,Hardy,37,HC,76,73,70,90,88,67,90,79,67,69,76,81,74,67,50,74,83,99,70,,,,,,,
,,,,,,,,,,,,,,,,,,,,,,,,,,,,,,,
Coaches,29,Brian,Keefe,48,HC,74,66,75,85,76,63,84,73,73,66,62,59,67,53,39,74,77,43,86,,,,,,,
,,,,,,,,,,,,,,,,,,,,,,,,,,,,,,,
Coaches,0,Bryan,Bailey,44,AC,55,71,65,56,60,65,74,55,62,51,60,61,90,63,59,68,79,12,75,,,,,,,
,,,,,,,,,,,,,,,,,,,,,,,,,,,,,,,
Coaches,1,Sam,Cassell,55,AC,55,71,65,56,60,65,74,55,62,51,60,61,90,63,59,68,79,12,75,,,,,,,
,,,,,,,,,,,,,,,,,,,,,,,,,,,,,,,
Coaches,2,Travis,Bader,33,AC,60,68,70,57,55,68,68,60,60,51,66,77,69,66,62,67,68,4,70,,,,,,,
,,,,,,,,,,,,,,,,,,,,,,,,,,,,,,,
Coaches,3,Jermaine,Bucknor,41,AC,65,60,70,67,68,63,69,60,67,62,60,63,52,59,57,68,73,64,60,,,,,,,
,,,,,,,,,,,,,,,,,,,,,,,,,,,,,,,
Coaches,4,John,Bryant,40,AC,70,61,85,53,57,86,80,65,62,57,76,83,70,50,60,69,84,36,75,,,,,,,
,,,,,,,,,,,,,,,,,,,,,,,,,,,,,,,
Coaches,5,Johnnie,Bryant,39,AC,55,70,55,52,54,63,70,63,62,62,60,66,98,61,60,64,63,74,90,,,,,,,
,,,,,,,,,,,,,,,,,,,,,,,,,,,,,,,
Coaches,6,Darrell,Armstrong,56,AC,65,80,55,68,73,60,64,75,53,73,56,63,67,53,59,58,89,38,55,,,,,,,
,,,,,,,,,,,,,,,,,,,,,,,,,,,,,,,
Coaches,7,David,Adelman,43,AC,55,57,65,59,64,48,54,55,52,71,46,55,76,79,53,59,58,53,65,,,,,,,
,,,,,,,,,,,,,,,,,,,,,,,,,,,,,,,
Coaches,8,Jerome,Allen,52,AC,55,57,65,59,64,48,54,55,52,71,46,55,76,79,53,59,58,53,65,,,,,,,
,,,,,,,,,,,,,,,,,,,,,,,,,,,,,,,
Coaches,9,Terry,Stotts,67,AC,70,52,80,79,82,62,64,53,81,90,57,67,81,53,67,67,79,48,75,,,,,,,
,,,,,,,,,,,,,,,,,,,,,,,,,,,,,,,
Coaches,10,Josh,Bostic,37,AC,65,56,65,57,59,51,85,62,48,54,55,82,73,66,54,76,73,38,72,,,,,,,
,,,,,,,,,,,,,,,,,,,,,,,,,,,,,,,
Coaches,11,Lloyd,Pierce,48,AC,50,56,55,53,62,55,56,46,52,62,48,62,61,53,66,62,58,66,69,,,,,,,
,,,,,,,,,,,,,,,,,,,,,,,,,,,,,,,
Coaches,12,Jeff,Van Gundy,63,AC,70,56,70,61,69,67,83,68,54,75,58,80,58,51,52,74,82,37,60,,,,,,,
,,,,,,,,,,,,,,,,,,,,,,,,,,,,,,,
Coaches,13,Scott,Brooks,59,AC,70,68,75,70,84,53,57,59,70,74,51,62,54,50,54,65,65,58,80,,,,,,,
,,,,,,,,,,,,,,,,,,,,,,,,,,,,,,,
Coaches,14,Anthony,Carter,49,AC,80,70,55,72,78,53,53,50,71,72,52,54,68,61,58,53,63,35,55,,,,,,,
,,,,,,,,,,,,,,,,,,,,,,,,,,,,,,,
Coaches,15,Chris,Quinn,41,AC,80,70,55,72,78,53,53,50,71,72,52,54,68,61,58,53,63,35,55,,,,,,,
,,,,,,,,,,,,,,,,,,,,,,,,,,,,,,,
Coaches,16,Darvin,Ham,51,AC,60,61,70,53,54,64,54,58,62,67,65,68,73,63,67,75,84,28,90,,,,,,,
,,,,,,,,,,,,,,,,,,,,,,,,,,,,,,,
Coaches,17,Micah,Nori,42,AC,60,64,80,54,78,54,68,54,58,78,52,66,70,72,70,69,79,25,77,,,,,,,
,,,,,,,,,,,,,,,,,,,,,,,,,,,,,,,
Coaches,18,James,Borrego,47,AC,70,69,70,58,68,53,62,67,73,80,57,64,67,58,67,65,78,69,75,,,,,,,
,,,,,,,,,,,,,,,,,,,,,,,,,,,,,,,
Coaches,19,Rick,Brunson,52,AC,60,70,75,54,58,49,53,59,77,83,48,69,71,65,62,69,78,67,88,,,,,,,
,,,,,,,,,,,,,,,,,,,,,,,,,,,,,,,
Coaches,20,David,Akinyooye,35,AC,60,55,65,54,49,64,58,54,64,52,72,71,68,62,68,62,79,73,64,,,,,,,
,,,,,,,,,,,,,,,,,,,,,,,,,,,,,,,
Coaches,21,Jeremiah,Boswell,42,AC,60,70,75,54,58,49,53,59,77,83,48,69,71,65,62,69,78,67,88,,,,,,,
,,,,,,,,,,,,,,,,,,,,,,,,,,,,,,,
Coaches,22,Matt,Brase,42,AC,60,72,65,53,57,64,56,60,59,63,73,72,69,74,69,62,67,39,68,,,,,,,
,,,,,,,,,,,,,,,,,,,,,,,,,,,,,,,
Coaches,23,Chaisson,Allen,35,AC,55,70,60,48,54,41,42,56,74,77,69,78,70,52,60,71,80,8,53,,,,,,,
,,,,,,,,,,,,,,,,,,,,,,,,,,,,,,,
Coaches,24,Nate,Bjorkgren,49,AC,65,50,60,57,52,61,71,64,63,59,62,67,66,53,59,74,80,50,80,,,,,,,
,,,,,,,,,,,,,,,,,,,,,,,,,,,,,,,
Coaches,25,Jay,Triano,66,AC,60,53,65,58,63,47,59,53,62,61,53,58,57,72,69,71,80,47,55,,,,,,,
,,,,,,,,,,,,,,,,,,,,,,,,,,,,,,,
Coaches,26,Mitch,Johnson,38,AC,60,73,70,65,59,67,59,59,80,59,73,68,59,59,69,63,73,83,80,,,,,,,
,,,,,,,,,,,,,,,,,,,,,,,,,,,,,,,
Coaches,27,Mery,Andrade,49,AC,65,65,60,59,56,64,58,69,53,56,58,64,58,49,52,69,68,41,60,,,,,,,
,,,,,,,,,,,,,,,,,,,,,,,,,,,,,,,
Coaches,28,Jason,Terry,47,AC,55,64,70,51,44,51,46,89,67,60,53,51,80,74,80,56,72,70,60,,,,,,,
,,,,,,,,,,,,,,,,,,,,,,,,,,,,,,,
Coaches,29,Alexis,Ajinca,36,AC,65,38,65,42,41,46,43,48,53,50,49,50,52,75,72,66,67,37,95,,,,,,,
,,,,,,,,,,,,,,,,,,,,,,,,,,,,,,,
Coaches,-1,Howard,Eisley,43,N/A,70,68,75,70,84,53,57,59,70,74,51,62,54,50,54,65,65,58,80,,,,,,,
,,,,,,,,,,,,,,,,,,,,,,,,,,,,,,,
Coaches,-1,Phil,Jackson,68,NA,80,81,95,93,95,83,97,88,61,70,65,82,57,53,54,92,88,27,60,,,,,,,
,,,,,,,,,,,,,,,,,,,,,,,,,,,,,,,
Coaches,-1,Jerry,Sloan,68,NA,80,70,75,82,85,85,86,96,65,62,63,65,62,63,64,84,85,86,60,,,,,,,
,,,,,,,,,,,,,,,,,,,,,,,,,,,,,,,
Coaches,-1,Dan,Collins,66,NA,70,71,75,70,70,75,70,75,65,67,68,69,73,57,57,86,83,10,60,,,,,,,
,,,,,,,,,,,,,,,,,,,,,,,,,,,,,,,
Coaches,-1,Byron,Scott,51,NA,75,82,75,73,69,64,68,73,67,68,61,70,68,64,64,71,75,81,70,,,,,,,
,,,,,,,,,,,,,,,,,,,,,,,,,,,,,,,
Coaches,-1,George,Karl,68,NA,70,56,85,82,81,64,61,69,51,70,63,56,68,50,42,79,85,44,60,,,,,,,
,,,,,,,,,,,,,,,,,,,,,,,,,,,,,,,
Coaches,-1,Graeme,Hill,40,NA,70,72,90,59,62,63,62,65,67,70,69,60,64,50,51,71,78,32,85,,,,,,,
,,,,,,,,,,,,,,,,,,,,,,,,,,,,,,,
Coaches,-1,Shaq,O'Neal,41,NA,80,68,95,58,52,66,69,57,71,52,74,75,53,51,52,86,88,50,80,,,,,,,
,,,,,,,,,,,,,,,,,,,,,,,,,,,,,,,
Coaches,-1,Jeff,Van Gundy,53,NA,70,70,70,65,65,68,73,58,61,61,60,64,62,63,62,67,67,37,65,,,,,,,
,,,,,,,,,,,,,,,,,,,,,,,,,,,,,,,
Coaches,-1,Pat,Riley,66,NA,90,95,90,88,92,96,87,92,64,56,64,58,65,62,45,86,84,64,55,,,,,,,
,,,,,,,,,,,,,,,,,,,,,,,,,,,,,,,
Coaches,-1,Hakeem,Olajuwon,49,NA,75,62,80,68,62,93,67,54,85,59,74,80,62,49,45,79,84,67,77,,,,,,,
,,,,,,,,,,,,,,,,,,,,,,,,,,,,,,,
Coaches,-1,Les,Rogers,66,NA,28,55,71,64,81,16,60,71,61,42,28,50,84,69,13,90,64,12,52,,,,,,,
,,,,,,,,,,,,,,,,,,,,,,,,,,,,,,,
Coaches,-1,Sal,Chavarria,61,NA,41,63,86,84,23,29,62,61,62,43,70,10,66,59,26,15,60,17,40,,,,,,,
,,,,,,,,,,,,,,,,,,,,,,,,,,,,,,,
Coaches,-1,Michale,Kennison,54,NA,43,47,43,50,61,18,77,44,14,19,73,75,90,64,78,36,70,56,68,,,,,,,
,,,,,,,,,,,,,,,,,,,,,,,,,,,,,,,
Coaches,-1,Sammie,Peters,65,NA,29,64,43,62,28,48,44,68,77,34,78,40,29,51,18,66,83,37,76,,,,,,,
,,,,,,,,,,,,,,,,,,,,,,,,,,,,,,,
Coaches,-1,Lucien,Casabloy,61,NA,41,50,40,59,75,32,18,43,43,50,53,12,67,30,17,90,40,76,12,,,,,,,
,,,,,,,,,,,,,,,,,,,,,,,,,,,,,,,
Coaches,-1,Darren,Brannum,54,NA,21,47,60,55,20,73,64,20,46,67,42,85,10,38,22,60,39,79,61,,,,,,,
,,,,,,,,,,,,,,,,,,,,,,,,,,,,,,,
Coaches,-1,Keenan,Coulter,62,NA,60,41,34,63,61,21,34,47,12,77,21,56,56,56,33,78,34,36,43,,,,,,,
,,,,,,,,,,,,,,,,,,,,,,,,,,,,,,,
Coaches,-1,Jared,Coots,58,NA,61,55,64,78,16,72,35,61,26,90,84,34,54,25,24,89,10,19,76,,,,,,,
,,,,,,,,,,,,,,,,,,,,,,,,,,,,,,,
Coaches,-1,Sean,Braddy,47,NA,61,50,42,53,32,83,62,88,36,68,67,89,32,30,30,17,38,92,67,,,,,,,
,,,,,,,,,,,,,,,,,,,,,,,,,,,,,,,
Coaches,-1,Lucien,Rosenfeld,32,NA,70,38,72,44,55,45,51,52,51,30,34,32,51,70,32,53,25,2,17,,,,,,,
,,,,,,,,,,,,,,,,,,,,,,,,,,,,,,,
Coaches,-1,Felix,Rocants,29,NA,49,65,40,47,34,89,31,80,40,71,34,72,55,67,86,42,48,14,89,,,,,,,
,,,,,,,,,,,,,,,,,,,,,,,,,,,,,,,
Coaches,-1,Tai,Navarette,32,NA,34,42,80,76,39,17,24,65,18,16,35,34,27,34,53,70,32,75,88,,,,,,,
,,,,,,,,,,,,,,,,,,,,,,,,,,,,,,,
Coaches,-1,Neil,Fleischmann,60,NA,88,46,18,22,81,44,10,65,11,32,25,76,34,50,90,29,27,18,45,,,,,,,
,,,,,,,,,,,,,,,,,,,,,,,,,,,,,,,
Coaches,-1,Deandre,Maclin,42,NA,89,37,45,48,18,60,17,25,57,12,50,63,39,30,42,37,66,45,84,,,,,,,
,,,,,,,,,,,,,,,,,,,,,,,,,,,,,,,
Coaches,-1,Jonathan,Edmiston,44,NA,23,55,24,80,86,83,13,32,67,30,18,42,58,58,81,12,85,51,39,,,,,,,
,,,,,,,,,,,,,,,,,,,,,,,,,,,,,,,
Coaches,-1,Mose,Jock,38,NA,23,56,25,69,89,66,38,58,13,72,24,50,50,19,19,13,42,57,83,,,,,,,
,,,,,,,,,,,,,,,,,,,,,,,,,,,,,,,
Coaches,-1,Irwin,Alvares,29,NA,74,54,61,39,22,26,64,86,74,83,46,70,72,17,53,41,74,14,87,,,,,,,
,,,,,,,,,,,,,,,,,,,,,,,,,,,,,,,
Coaches,-1,Andrew,Markert,60,NA,65,52,15,25,29,74,80,75,45,12,39,24,14,34,33,70,56,20,30,,,,,,,
,,,,,,,,,,,,,,,,,,,,,,,,,,,,,,,
Coaches,-1,Edwin,Clemens,52,NA,44,60,17,72,83,47,75,77,27,21,90,37,83,54,44,43,46,100,86,,,,,,,
,,,,,,,,,,,,,,,,,,,,,,,,,,,,,,,
Coaches,-1,Tobias,Whiang,43,NA,49,64,40,57,70,56,70,75,52,19,24,42,28,89,29,47,43,98,82,,,,,,,
,,,,,,,,,,,,,,,,,,,,,,,,,,,,,,,
Coaches,-1,Jose,Corn,52,NA,63,53,52,50,83,66,57,50,38,18,13,41,41,20,56,60,54,5,82,,,,,,,
,,,,,,,,,,,,,,,,,,,,,,,,,,,,,,,
Coaches,-1,Andrew,Therrien,42,NA,72,40,66,74,25,30,25,81,58,15,15,16,42,79,51,19,74,24,63,,,,,,,
,,,,,,,,,,,,,,,,,,,,,,,,,,,,,,,
Coaches,-1,Otto,Alberto,39,NA,88,74,19,43,81,78,25,78,54,46,75,52,90,41,17,75,38,96,34,,,,,,,
,,,,,,,,,,,,,,,,,,,,,,,,,,,,,,,
Coaches,-1,Edison,Southworth,66,NA,90,58,17,80,15,73,51,29,33,60,44,50,59,55,60,78,51,78,79,,,,,,,
,,,,,,,,,,,,,,,,,,,,,,,,,,,,,,,
Coaches,-1,Robin,Derrico,54,NA,14,44,73,39,55,81,53,22,59,14,79,73,44,71,68,23,58,26,16,,,,,,,
,,,,,,,,,,,,,,,,,,,,,,,,,,,,,,,
Coaches,-1,Mathew,Sistrunk,40,NA,21,57,54,76,55,29,87,20,81,73,61,14,11,74,28,61,86,41,24,,,,,,,
,,,,,,,,,,,,,,,,,,,,,,,,,,,,,,,
Coaches,-1,Chris,Michel,40,NA,16,46,66,24,44,24,48,49,10,38,40,25,81,83,75,51,67,2,84,,,,,,,
,,,,,,,,,,,,,,,,,,,,,,,,,,,,,,,
Coaches,-1,Lynn,Turberville,65,NA,64,54,75,22,25,90,39,15,88,73,76,55,83,52,48,74,47,22,51,,,,,,,
,,,,,,,,,,,,,,,,,,,,,,,,,,,,,,,
Coaches,-1,Jordan,Range,36,NA,47,46,45,56,83,24,61,15,44,87,36,73,82,81,69,13,49,88,59,,,,,,,
,,,,,,,,,,,,,,,,,,,,,,,,,,,,,,,
Coaches,-1,Michale,Giglio,34,NA,81,64,38,77,86,65,63,42,54,88,33,40,76,88,87,69,44,36,58,,,,,,,
,,,,,,,,,,,,,,,,,,,,,,,,,,,,,,,
Coaches,-1,Robbie,Selleck,55,NA,13,50,65,22,90,81,25,48,82,78,21,21,79,79,51,61,76,68,29,,,,,,,
,,,,,,,,,,,,,,,,,,,,,,,,,,,,,,,
Coaches,-1,Chauncy,Nowakowski,54,NA,69,60,72,36,70,58,24,77,62,47,79,49,34,68,61,13,34,49,33,,,,,,,
,,,,,,,,,,,,,,,,,,,,,,,,,,,,,,,
Coaches,-1,Israel,Dressler,65,NA,73,61,36,22,50,42,55,90,50,68,21,55,42,34,77,89,69,100,26,,,,,,,
,,,,,,,,,,,,,,,,,,,,,,,,,,,,,,,
Coaches,-1,Herb,Guice,30,NA,54,48,88,25,36,67,64,32,32,61,68,23,81,18,77,84,12,45,68,,,,,,,
,,,,,,,,,,,,,,,,,,,,,,,,,,,,,,,
Coaches,-1,Esteban,Rencher,41,NA,60,58,26,86,55,63,45,48,80,84,11,51,12,59,35,42,35,56,34,,,,,,,
,,,,,,,,,,,,,,,,,,,,,,,,,,,,,,,
Coaches,-1,Mehmet,Schreier,52,NA,16,45,27,41,21,47,48,46,28,62,32,87,35,48,88,40,25,99,30,,,,,,,
,,,,,,,,,,,,,,,,,,,,,,,,,,,,,,,
Coaches,-1,Billie,Brokaw,50,NA,75,59,10,19,13,87,20,64,38,11,65,63,54,48,49,82,27,67,79,,,,,,,
,,,,,,,,,,,,,,,,,,,,,,,,,,,,,,,
Coaches,-1,Donny,Denis,63,NA,81,41,18,46,13,10,59,15,27,88,68,52,39,34,90,23,52,58,29,,,,,,,
,,,,,,,,,,,,,,,,,,,,,,,,,,,,,,,
Coaches,-1,Gene,Jewell,61,NA,24,49,70,45,37,60,32,19,38,78,44,16,35,40,21,71,75,5,52,,,,,,,
,,,,,,,,,,,,,,,,,,,,,,,,,,,,,,,
Coaches,-1,Everett,Grosso,47,NA,15,57,89,90,17,81,42,54,15,80,16,59,26,40,35,45,19,31,67,,,,,,,
,,,,,,,,,,,,,,,,,,,,,,,,,,,,,,,
Coaches,-1,Caleb,Eastwood,36,NA,29,47,78,46,43,16,13,82,63,26,28,65,65,40,21,33,49,91,34,,,,,,,
,,,,,,,,,,,,,,,,,,,,,,,,,,,,,,,
Coaches,-1,Paul,Mutumbo,37,NA,55,59,75,51,49,73,72,53,63,59,71,73,63,72,68,58,74,97,72,,,,,,,
